ID,Zones,Weight,Time,Price,,,,
1,102,0,1,60.56,,,,
2,102,1,1,67.44,,,,
3,102,2,1,67.93,,,,
4,102,3,1,71.37,,,,
5,102,4,1,75.13,,,,
6,102,5,1,75.50,,,,
7,102,6,1,82.17,,,,
8,102,7,1,82.85,,,,
9,102,8,1,83.07,,,,
10,102,9,1,83.31,,,,
11,102,10,1,83.79,,,,
12,102,11,1,93.18,,,,
13,102,12,1,94.67,,,,
14,102,13,1,94.91,,,,
15,102,14,1,96.22,,,,
16,102,15,1,96.48,,,,
17,102,16,1,100.76,,,,
18,102,17,1,104.70,,,,
19,102,18,1,105.30,,,,
20,102,19,1,105.78,,,,
21,102,20,1,106.16,,,,
22,102,21,1,109.53,,,,
23,102,22,1,113.15,,,,
24,102,23,1,113.62,,,,
25,102,24,1,115.83,,,,
26,102,25,1,116.28,,,,
27,102,26,1,121.55,,,,
28,102,27,1,121.91,,,,
29,102,28,1,123.83,,,,
30,102,29,1,124.31,,,,
31,102,30,1,124.72,,,,
32,102,31,1,128.53,,,,
33,102,32,1,131.14,,,,
34,102,33,1,133.58,,,,
35,102,34,1,135.81,,,,
36,102,35,1,138.06,,,,
37,102,36,1,142.55,,,,
38,102,37,1,143.31,,,,
39,102,38,1,143.69,,,,
40,102,39,1,144.14,,,,
41,102,40,1,144.44,,,,
42,102,41,1,149.49,,,,
43,102,42,1,151.23,,,,
44,102,43,1,154.50,,,,
45,102,44,1,157.30,,,,
46,102,45,1,162.55,,,,
47,102,46,1,165.69,,,,
48,102,47,1,167.65,,,,
49,102,48,1,169.20,,,,
50,102,49,1,169.26,,,,
51,102,50,1,169.33,,,,
52,102,51,1,184.48,,,,
53,102,52,1,186.87,,,,
54,102,53,1,188.54,,,,
55,102,54,1,189.02,,,,
56,102,55,1,189.61,,,,
57,102,56,1,201.18,,,,
58,102,57,1,202.65,,,,
59,102,58,1,203.15,,,,
60,102,59,1,203.63,,,,
61,102,60,1,204.13,,,,
62,102,61,1,213.21,,,,
63,102,62,1,215.31,,,,
64,102,63,1,215.84,,,,
65,102,64,1,225.15,,,,
66,102,65,1,226.09,,,,
67,102,66,1,226.60,,,,
68,102,67,1,228.48,,,,
69,102,68,1,232.96,,,,
70,102,69,1,233.43,,,,
71,102,70,1,233.93,,,,
72,102,71,1,239.75,,,,
73,102,72,1,241.09,,,,
74,102,73,1,241.59,,,,
75,102,74,1,242.09,,,,
76,102,75,1,243.09,,,,
77,102,76,1,254.07,,,,
78,102,77,1,255.19,,,,
79,102,78,1,256.17,,,,
80,102,79,1,257.15,,,,
81,102,80,1,258.15,,,,
82,102,81,1,268.36,,,,
83,102,82,1,269.38,,,,
84,102,83,1,270.39,,,,
85,102,84,1,271.37,,,,
86,102,85,1,272.37,,,,
87,102,86,1,283.18,,,,
88,102,87,1,284.50,,,,
89,102,88,1,285.50,,,,
90,102,89,1,286.49,,,,
91,102,90,1,287.48,,,,
92,102,91,1,288.80,,,,
93,102,92,1,289.60,,,,
94,102,93,1,290.40,,,,
95,102,94,1,291.20,,,,
96,102,95,1,292.00,,,,
97,102,96,1,292.80,,,,
98,102,97,1,293.93,,,,
99,102,98,1,294.62,,,,
100,102,99,1,296.76,,,,
101,102,100,1,298.47,,,,
102,102,101,1,301.15,,,,
103,102,102,1,303.83,,,,
104,102,103,1,306.52,,,,
105,102,104,1,309.20,,,,
106,102,105,1,312.12,,,,
107,102,106,1,314.55,,,,
108,102,107,1,317.24,,,,
109,102,108,1,319.92,,,,
110,102,109,1,322.60,,,,
111,102,110,1,325.32,,,,
112,102,111,1,328.01,,,,
113,102,112,1,330.69,,,,
114,102,113,1,332.78,,,,
115,102,114,1,336.05,,,,
116,102,115,1,338.74,,,,
117,102,116,1,341.41,,,,
118,102,117,1,344.09,,,,
119,102,118,1,346.18,,,,
120,102,119,1,349.47,,,,
121,102,120,1,352.15,,,,
122,102,121,1,354.84,,,,
123,102,122,1,357.52,,,,
124,102,123,1,360.21,,,,
125,102,124,1,362.89,,,,
126,102,125,1,365.57,,,,
127,102,126,1,368.25,,,,
128,102,127,1,370.29,,,,
129,102,128,1,372.97,,,,
130,102,129,1,376.31,,,,
131,102,130,1,378.99,,,,
132,102,131,1,381.00,,,,
133,102,132,1,383.68,,,,
134,102,133,1,386.36,,,,
135,102,134,1,389.03,,,,
136,102,135,1,392.42,,,,
137,102,136,1,394.39,,,,
138,102,137,1,397.07,,,,
139,102,138,1,400.47,,,,
140,102,139,1,402.45,,,,
141,102,140,1,405.14,,,,
142,102,141,1,408.52,,,,
143,102,142,1,411.20,,,,
144,102,143,1,413.16,,,,
145,102,144,1,415.85,,,,
146,102,145,1,418.52,,,,
147,102,146,1,421.20,,,,
148,102,147,1,423.87,,,,
149,102,148,1,426.56,,,,
150,102,149,1,430.00,,,,
151,102,150,1,432.68,,,,
152,102,0,2,30.56,,,,
153,102,1,2,37.44,,,,
154,102,2,2,37.93,,,,
155,102,3,2,41.37,,,,
156,102,4,2,45.13,,,,
157,102,5,2,45.50,,,,
158,102,6,2,52.17,,,,
159,102,7,2,52.85,,,,
160,102,8,2,53.07,,,,
161,102,9,2,53.31,,,,
162,102,10,2,53.79,,,,
163,102,11,2,63.18,,,,
164,102,12,2,64.67,,,,
165,102,13,2,64.91,,,,
166,102,14,2,66.22,,,,
167,102,15,2,66.48,,,,
168,102,16,2,70.76,,,,
169,102,17,2,74.70,,,,
170,102,18,2,75.30,,,,
171,102,19,2,75.78,,,,
172,102,20,2,76.16,,,,
173,102,21,2,79.53,,,,
174,102,22,2,83.15,,,,
175,102,23,2,83.62,,,,
176,102,24,2,85.83,,,,
177,102,25,2,86.28,,,,
178,102,26,2,91.55,,,,
179,102,27,2,91.91,,,,
180,102,28,2,93.83,,,,
181,102,29,2,94.31,,,,
182,102,30,2,94.72,,,,
183,102,31,2,98.53,,,,
184,102,32,2,101.14,,,,
185,102,33,2,103.58,,,,
186,102,34,2,105.81,,,,
187,102,35,2,108.06,,,,
188,102,36,2,112.55,,,,
189,102,37,2,113.31,,,,
190,102,38,2,113.69,,,,
191,102,39,2,114.14,,,,
192,102,40,2,114.44,,,,
193,102,41,2,119.49,,,,
194,102,42,2,121.23,,,,
195,102,43,2,124.50,,,,
196,102,44,2,127.30,,,,
197,102,45,2,132.55,,,,
198,102,46,2,135.69,,,,
199,102,47,2,137.65,,,,
200,102,48,2,139.20,,,,
201,102,49,2,139.26,,,,
202,102,50,2,139.33,,,,
203,102,51,2,154.48,,,,
204,102,52,2,156.87,,,,
205,102,53,2,158.54,,,,
206,102,54,2,159.02,,,,
207,102,55,2,159.61,,,,
208,102,56,2,171.18,,,,
209,102,57,2,172.65,,,,
210,102,58,2,173.15,,,,
211,102,59,2,173.63,,,,
212,102,60,2,174.13,,,,
213,102,61,2,183.21,,,,
214,102,62,2,185.31,,,,
215,102,63,2,185.84,,,,
216,102,64,2,195.15,,,,
217,102,65,2,196.09,,,,
218,102,66,2,196.60,,,,
219,102,67,2,198.48,,,,
220,102,68,2,202.96,,,,
221,102,69,2,203.43,,,,
222,102,70,2,203.93,,,,
223,102,71,2,209.75,,,,
224,102,72,2,211.09,,,,
225,102,73,2,211.59,,,,
226,102,74,2,212.09,,,,
227,102,75,2,213.09,,,,
228,102,76,2,224.07,,,,
229,102,77,2,225.19,,,,
230,102,78,2,226.17,,,,
231,102,79,2,227.15,,,,
232,102,80,2,228.15,,,,
233,102,81,2,238.36,,,,
234,102,82,2,239.38,,,,
235,102,83,2,240.39,,,,
236,102,84,2,241.37,,,,
237,102,85,2,242.37,,,,
238,102,86,2,253.18,,,,
239,102,87,2,254.50,,,,
240,102,88,2,255.50,,,,
241,102,89,2,256.49,,,,
242,102,90,2,257.48,,,,
243,102,91,2,258.80,,,,
244,102,92,2,259.60,,,,
245,102,93,2,260.40,,,,
246,102,94,2,261.20,,,,
247,102,95,2,262.00,,,,
248,102,96,2,262.80,,,,
249,102,97,2,263.93,,,,
250,102,98,2,264.62,,,,
251,102,99,2,266.76,,,,
252,102,100,2,268.47,,,,
253,102,101,2,271.15,,,,
254,102,102,2,273.83,,,,
255,102,103,2,276.52,,,,
256,102,104,2,279.20,,,,
257,102,105,2,282.12,,,,
258,102,106,2,284.55,,,,
259,102,107,2,287.24,,,,
260,102,108,2,289.92,,,,
261,102,109,2,292.60,,,,
262,102,110,2,295.32,,,,
263,102,111,2,298.01,,,,
264,102,112,2,300.69,,,,
265,102,113,2,302.78,,,,
266,102,114,2,306.05,,,,
267,102,115,2,308.74,,,,
268,102,116,2,311.41,,,,
269,102,117,2,314.09,,,,
270,102,118,2,316.18,,,,
271,102,119,2,319.47,,,,
272,102,120,2,322.15,,,,
273,102,121,2,324.84,,,,
274,102,122,2,327.52,,,,
275,102,123,2,330.21,,,,
276,102,124,2,332.89,,,,
277,102,125,2,335.57,,,,
278,102,126,2,338.25,,,,
279,102,127,2,340.29,,,,
280,102,128,2,342.97,,,,
281,102,129,2,346.31,,,,
282,102,130,2,348.99,,,,
283,102,131,2,351.00,,,,
284,102,132,2,353.68,,,,
285,102,133,2,356.36,,,,
286,102,134,2,359.03,,,,
287,102,135,2,362.42,,,,
288,102,136,2,364.39,,,,
289,102,137,2,367.07,,,,
290,102,138,2,370.47,,,,
291,102,139,2,372.45,,,,
292,102,140,2,375.14,,,,
293,102,141,2,378.52,,,,
294,102,142,2,381.20,,,,
295,102,143,2,383.16,,,,
296,102,144,2,385.85,,,,
297,102,145,2,388.52,,,,
298,102,146,2,391.20,,,,
299,102,147,2,393.87,,,,
300,102,148,2,396.56,,,,
301,102,149,2,400.00,,,,
302,102,150,2,402.68,,,,
303,103,0,1,67.11,,,,
304,103,1,1,85.41,,,,
305,103,2,1,85.74,,,,
306,103,3,1,91.83,,,,
307,103,4,1,93.15,,,,
308,103,5,1,93.51,,,,
309,103,6,1,100.09,,,,
310,103,7,1,103.74,,,,
311,103,8,1,104.12,,,,
312,103,9,1,104.65,,,,
313,103,10,1,105.60,,,,
314,103,11,1,119.00,,,,
315,103,12,1,121.96,,,,
316,103,13,1,122.86,,,,
317,103,14,1,124.00,,,,
318,103,15,1,124.56,,,,
319,103,16,1,135.87,,,,
320,103,17,1,137.01,,,,
321,103,18,1,137.59,,,,
322,103,19,1,137.82,,,,
323,103,20,1,138.29,,,,
324,103,21,1,143.24,,,,
325,103,22,1,149.52,,,,
326,103,23,1,150.15,,,,
327,103,24,1,150.67,,,,
328,103,25,1,151.15,,,,
329,103,26,1,160.77,,,,
330,103,27,1,161.74,,,,
331,103,28,1,162.20,,,,
332,103,29,1,162.86,,,,
333,103,30,1,163.12,,,,
334,103,31,1,166.86,,,,
335,103,32,1,170.13,,,,
336,103,33,1,178.03,,,,
337,103,34,1,178.82,,,,
338,103,35,1,179.27,,,,
339,103,36,1,182.19,,,,
340,103,37,1,192.39,,,,
341,103,38,1,193.42,,,,
342,103,39,1,193.85,,,,
343,103,40,1,194.29,,,,
344,103,41,1,202.11,,,,
345,103,42,1,202.87,,,,
346,103,43,1,205.66,,,,
347,103,44,1,214.86,,,,
348,103,45,1,222.05,,,,
349,103,46,1,222.78,,,,
350,103,47,1,225.60,,,,
351,103,48,1,225.99,,,,
352,103,49,1,226.23,,,,
353,103,50,1,227.33,,,,
354,103,51,1,247.10,,,,
355,103,52,1,258.47,,,,
356,103,53,1,259.62,,,,
357,103,54,1,260.10,,,,
358,103,55,1,264.09,,,,
359,103,56,1,277.20,,,,
360,103,57,1,279.69,,,,
361,103,58,1,280.73,,,,
362,103,59,1,281.23,,,,
363,103,60,1,281.72,,,,
364,103,61,1,290.59,,,,
365,103,62,1,298.66,,,,
366,103,63,1,299.50,,,,
367,103,64,1,308.03,,,,
368,103,65,1,309.90,,,,
369,103,66,1,310.68,,,,
370,103,67,1,325.96,,,,
371,103,68,1,327.68,,,,
372,103,69,1,328.17,,,,
373,103,70,1,328.66,,,,
374,103,71,1,329.15,,,,
375,103,72,1,337.95,,,,
376,103,73,1,344.37,,,,
377,103,74,1,345.02,,,,
378,103,75,1,346.02,,,,
379,103,76,1,354.80,,,,
380,103,77,1,365.67,,,,
381,103,78,1,366.76,,,,
382,103,79,1,367.73,,,,
383,103,80,1,368.74,,,,
384,103,81,1,373.13,,,,
385,103,82,1,374.13,,,,
386,103,83,1,375.13,,,,
387,103,84,1,376.13,,,,
388,103,85,1,377.13,,,,
389,103,86,1,390.33,,,,
390,103,87,1,391.59,,,,
391,103,88,1,392.39,,,,
392,103,89,1,393.19,,,,
393,103,90,1,393.99,,,,
394,103,91,1,394.80,,,,
395,103,92,1,395.60,,,,
396,103,93,1,396.40,,,,
397,103,94,1,397.20,,,,
398,103,95,1,398.00,,,,
399,103,96,1,402.52,,,,
400,103,97,1,403.33,,,,
401,103,98,1,404.12,,,,
402,103,99,1,404.93,,,,
403,103,100,1,405.72,,,,
404,103,101,1,409.51,,,,
405,103,102,1,413.27,,,,
406,103,103,1,417.02,,,,
407,103,104,1,420.77,,,,
408,103,105,1,424.52,,,,
409,103,106,1,428.29,,,,
410,103,107,1,432.04,,,,
411,103,108,1,435.80,,,,
412,103,109,1,439.55,,,,
413,103,110,1,443.31,,,,
414,103,111,1,447.06,,,,
415,103,112,1,450.83,,,,
416,103,113,1,454.58,,,,
417,103,114,1,458.35,,,,
418,103,115,1,462.11,,,,
419,103,116,1,465.86,,,,
420,103,117,1,469.61,,,,
421,103,118,1,473.38,,,,
422,103,119,1,477.13,,,,
423,103,120,1,480.88,,,,
424,103,121,1,484.63,,,,
425,103,122,1,488.39,,,,
426,103,123,1,492.17,,,,
427,103,124,1,495.92,,,,
428,103,125,1,499.68,,,,
429,103,126,1,503.43,,,,
430,103,127,1,507.18,,,,
431,103,128,1,510.93,,,,
432,103,129,1,514.71,,,,
433,103,130,1,518.46,,,,
434,103,131,1,522.22,,,,
435,103,132,1,525.97,,,,
436,103,133,1,529.73,,,,
437,103,134,1,533.49,,,,
438,103,135,1,537.25,,,,
439,103,136,1,541.00,,,,
440,103,137,1,544.76,,,,
441,103,138,1,548.51,,,,
442,103,139,1,552.27,,,,
443,103,140,1,556.02,,,,
444,103,141,1,559.79,,,,
445,103,142,1,563.54,,,,
446,103,143,1,567.30,,,,
447,103,144,1,571.05,,,,
448,103,145,1,574.82,,,,
449,103,146,1,578.58,,,,
450,103,147,1,582.34,,,,
451,103,148,1,586.09,,,,
452,103,149,1,589.85,,,,
453,103,150,1,593.60,,,,
454,103,0,2,37.11,,,,
455,103,1,2,55.41,,,,
456,103,2,2,55.74,,,,
457,103,3,2,61.83,,,,
458,103,4,2,63.15,,,,
459,103,5,2,63.51,,,,
460,103,6,2,70.09,,,,
461,103,7,2,73.74,,,,
462,103,8,2,74.12,,,,
463,103,9,2,74.65,,,,
464,103,10,2,75.60,,,,
465,103,11,2,89.00,,,,
466,103,12,2,91.96,,,,
467,103,13,2,92.86,,,,
468,103,14,2,94.00,,,,
469,103,15,2,94.56,,,,
470,103,16,2,105.87,,,,
471,103,17,2,107.01,,,,
472,103,18,2,107.59,,,,
473,103,19,2,107.82,,,,
474,103,20,2,108.29,,,,
475,103,21,2,113.24,,,,
476,103,22,2,119.52,,,,
477,103,23,2,120.15,,,,
478,103,24,2,120.67,,,,
479,103,25,2,121.15,,,,
480,103,26,2,130.77,,,,
481,103,27,2,131.74,,,,
482,103,28,2,132.20,,,,
483,103,29,2,132.86,,,,
484,103,30,2,133.12,,,,
485,103,31,2,136.86,,,,
486,103,32,2,140.13,,,,
487,103,33,2,148.03,,,,
488,103,34,2,148.82,,,,
489,103,35,2,149.27,,,,
490,103,36,2,152.19,,,,
491,103,37,2,162.39,,,,
492,103,38,2,163.42,,,,
493,103,39,2,163.85,,,,
494,103,40,2,164.29,,,,
495,103,41,2,172.11,,,,
496,103,42,2,172.87,,,,
497,103,43,2,175.66,,,,
498,103,44,2,184.86,,,,
499,103,45,2,192.05,,,,
500,103,46,2,192.78,,,,
501,103,47,2,195.60,,,,
502,103,48,2,195.99,,,,
503,103,49,2,196.23,,,,
504,103,50,2,197.33,,,,
505,103,51,2,217.10,,,,
506,103,52,2,228.47,,,,
507,103,53,2,229.62,,,,
508,103,54,2,230.10,,,,
509,103,55,2,234.09,,,,
510,103,56,2,247.20,,,,
511,103,57,2,249.69,,,,
512,103,58,2,250.73,,,,
513,103,59,2,251.23,,,,
514,103,60,2,251.72,,,,
515,103,61,2,260.59,,,,
516,103,62,2,268.66,,,,
517,103,63,2,269.50,,,,
518,103,64,2,278.03,,,,
519,103,65,2,279.90,,,,
520,103,66,2,280.68,,,,
521,103,67,2,295.96,,,,
522,103,68,2,297.68,,,,
523,103,69,2,298.17,,,,
524,103,70,2,298.66,,,,
525,103,71,2,299.15,,,,
526,103,72,2,307.95,,,,
527,103,73,2,314.37,,,,
528,103,74,2,315.02,,,,
529,103,75,2,316.02,,,,
530,103,76,2,324.80,,,,
531,103,77,2,335.67,,,,
532,103,78,2,336.76,,,,
533,103,79,2,337.73,,,,
534,103,80,2,338.74,,,,
535,103,81,2,343.13,,,,
536,103,82,2,344.13,,,,
537,103,83,2,345.13,,,,
538,103,84,2,346.13,,,,
539,103,85,2,347.13,,,,
540,103,86,2,360.33,,,,
541,103,87,2,361.59,,,,
542,103,88,2,362.39,,,,
543,103,89,2,363.19,,,,
544,103,90,2,363.99,,,,
545,103,91,2,364.80,,,,
546,103,92,2,365.60,,,,
547,103,93,2,366.40,,,,
548,103,94,2,367.20,,,,
549,103,95,2,368.00,,,,
550,103,96,2,372.52,,,,
551,103,97,2,373.33,,,,
552,103,98,2,374.12,,,,
553,103,99,2,374.93,,,,
554,103,100,2,375.72,,,,
555,103,101,2,379.51,,,,
556,103,102,2,383.27,,,,
557,103,103,2,387.02,,,,
558,103,104,2,390.77,,,,
559,103,105,2,394.52,,,,
560,103,106,2,398.29,,,,
561,103,107,2,402.04,,,,
562,103,108,2,405.80,,,,
563,103,109,2,409.55,,,,
564,103,110,2,413.31,,,,
565,103,111,2,417.06,,,,
566,103,112,2,420.83,,,,
567,103,113,2,424.58,,,,
568,103,114,2,428.35,,,,
569,103,115,2,432.11,,,,
570,103,116,2,435.86,,,,
571,103,117,2,439.61,,,,
572,103,118,2,443.38,,,,
573,103,119,2,447.13,,,,
574,103,120,2,450.88,,,,
575,103,121,2,454.63,,,,
576,103,122,2,458.39,,,,
577,103,123,2,462.17,,,,
578,103,124,2,465.92,,,,
579,103,125,2,469.68,,,,
580,103,126,2,473.43,,,,
581,103,127,2,477.18,,,,
582,103,128,2,480.93,,,,
583,103,129,2,484.71,,,,
584,103,130,2,488.46,,,,
585,103,131,2,492.22,,,,
586,103,132,2,495.97,,,,
587,103,133,2,499.73,,,,
588,103,134,2,503.49,,,,
589,103,135,2,507.25,,,,
590,103,136,2,511.00,,,,
591,103,137,2,514.76,,,,
592,103,138,2,518.51,,,,
593,103,139,2,522.27,,,,
594,103,140,2,526.02,,,,
595,103,141,2,529.79,,,,
596,103,142,2,533.54,,,,
597,103,143,2,537.30,,,,
598,103,144,2,541.05,,,,
599,103,145,2,544.82,,,,
600,103,146,2,548.58,,,,
601,103,147,2,552.34,,,,
602,103,148,2,556.09,,,,
603,103,149,2,559.85,,,,
604,103,150,2,563.60,,,,
605,104,0,1,77.32,,,,
606,104,1,1,102.36,,,,
607,104,2,1,109.03,,,,
608,104,3,1,117.53,,,,
609,104,4,1,127.89,,,,
610,104,5,1,129.94,,,,
611,104,6,1,142.39,,,,
612,104,7,1,147.42,,,,
613,104,8,1,151.89,,,,
614,104,9,1,156.89,,,,
615,104,10,1,158.30,,,,
616,104,11,1,186.45,,,,
617,104,12,1,189.98,,,,
618,104,13,1,193.10,,,,
619,104,14,1,200.24,,,,
620,104,15,1,202.72,,,,
621,104,16,1,215.38,,,,
622,104,17,1,225.74,,,,
623,104,18,1,226.92,,,,
624,104,19,1,227.13,,,,
625,104,20,1,227.20,,,,
626,104,21,1,244.60,,,,
627,104,22,1,251.04,,,,
628,104,23,1,257.61,,,,
629,104,24,1,260.87,,,,
630,104,25,1,268.77,,,,
631,104,26,1,282.60,,,,
632,104,27,1,288.36,,,,
633,104,28,1,295.30,,,,
634,104,29,1,301.35,,,,
635,104,30,1,301.96,,,,
636,104,31,1,313.51,,,,
637,104,32,1,319.52,,,,
638,104,33,1,324.80,,,,
639,104,34,1,330.50,,,,
640,104,35,1,331.68,,,,
641,104,36,1,343.05,,,,
642,104,37,1,350.94,,,,
643,104,38,1,355.36,,,,
644,104,39,1,361.01,,,,
645,104,40,1,361.57,,,,
646,104,41,1,373.09,,,,
647,104,42,1,377.47,,,,
648,104,43,1,386.38,,,,
649,104,44,1,392.31,,,,
650,104,45,1,396.95,,,,
651,104,46,1,402.91,,,,
652,104,47,1,403.58,,,,
653,104,48,1,404.46,,,,
654,104,49,1,404.55,,,,
655,104,50,1,404.86,,,,
656,104,51,1,429.76,,,,
657,104,52,1,458.35,,,,
658,104,53,1,461.21,,,,
659,104,54,1,461.67,,,,
660,104,55,1,464.80,,,,
661,104,56,1,465.27,,,,
662,104,57,1,466.08,,,,
663,104,58,1,466.60,,,,
664,104,59,1,476.99,,,,
665,104,60,1,478.03,,,,
666,104,61,1,496.05,,,,
667,104,62,1,503.14,,,,
668,104,63,1,507.40,,,,
669,104,64,1,507.86,,,,
670,104,65,1,511.97,,,,
671,104,66,1,532.04,,,,
672,104,67,1,534.04,,,,
673,104,68,1,534.51,,,,
674,104,69,1,535.02,,,,
675,104,70,1,535.48,,,,
676,104,71,1,537.13,,,,
677,104,72,1,569.81,,,,
678,104,73,1,573.08,,,,
679,104,74,1,573.59,,,,
680,104,75,1,574.51,,,,
681,104,76,1,577.43,,,,
682,104,77,1,579.66,,,,
683,104,78,1,599.82,,,,
684,104,79,1,601.85,,,,
685,104,80,1,602.77,,,,
686,104,81,1,619.73,,,,
687,104,82,1,622.85,,,,
688,104,83,1,623.80,,,,
689,104,84,1,624.77,,,,
690,104,85,1,625.73,,,,
691,104,86,1,627.43,,,,
692,104,87,1,648.87,,,,
693,104,88,1,651.02,,,,
694,104,89,1,676.60,,,,
695,104,90,1,694.94,,,,
696,104,91,1,696.80,,,,
697,104,92,1,697.60,,,,
698,104,93,1,698.40,,,,
699,104,94,1,699.20,,,,
700,104,95,1,700.00,,,,
701,104,96,1,700.80,,,,
702,104,97,1,701.60,,,,
703,104,98,1,702.40,,,,
704,104,99,1,703.20,,,,
705,104,100,1,710.74,,,,
706,104,101,1,717.58,,,,
707,104,102,1,724.38,,,,
708,104,103,1,731.19,,,,
709,104,104,1,737.98,,,,
710,104,105,1,744.79,,,,
711,104,106,1,751.60,,,,
712,104,107,1,758.42,,,,
713,104,108,1,765.22,,,,
714,104,109,1,772.03,,,,
715,104,110,1,778.84,,,,
716,104,111,1,785.63,,,,
717,104,112,1,792.44,,,,
718,104,113,1,799.27,,,,
719,104,114,1,806.07,,,,
720,104,115,1,812.87,,,,
721,104,116,1,819.68,,,,
722,104,117,1,826.49,,,,
723,104,118,1,833.29,,,,
724,104,119,1,840.10,,,,
725,104,120,1,846.91,,,,
726,104,121,1,853.72,,,,
727,104,122,1,860.52,,,,
728,104,123,1,867.33,,,,
729,104,124,1,874.14,,,,
730,104,125,1,880.96,,,,
731,104,126,1,887.76,,,,
732,104,127,1,894.56,,,,
733,104,128,1,901.36,,,,
734,104,129,1,908.17,,,,
735,104,130,1,914.99,,,,
736,104,131,1,921.79,,,,
737,104,132,1,928.61,,,,
738,104,133,1,935.40,,,,
739,104,134,1,942.21,,,,
740,104,135,1,949.01,,,,
741,104,136,1,955.83,,,,
742,104,137,1,962.63,,,,
743,104,138,1,969.45,,,,
744,104,139,1,976.26,,,,
745,104,140,1,983.05,,,,
746,104,141,1,989.85,,,,
747,104,142,1,996.68,,,,
748,104,143,1,1003.48,,,,
749,104,144,1,1010.29,,,,
750,104,145,1,1017.10,,,,
751,104,146,1,1023.91,,,,
752,104,147,1,1030.70,,,,
753,104,148,1,1037.51,,,,
754,104,149,1,1044.32,,,,
755,104,150,1,1051.13,,,,
756,104,0,2,47.32,,,,
757,104,1,2,72.36,,,,
758,104,2,2,79.03,,,,
759,104,3,2,87.53,,,,
760,104,4,2,97.89,,,,
761,104,5,2,99.94,,,,
762,104,6,2,112.39,,,,
763,104,7,2,117.42,,,,
764,104,8,2,121.89,,,,
765,104,9,2,126.89,,,,
766,104,10,2,128.30,,,,
767,104,11,2,156.45,,,,
768,104,12,2,159.98,,,,
769,104,13,2,163.10,,,,
770,104,14,2,170.24,,,,
771,104,15,2,172.72,,,,
772,104,16,2,185.38,,,,
773,104,17,2,195.74,,,,
774,104,18,2,196.92,,,,
775,104,19,2,197.13,,,,
776,104,20,2,197.20,,,,
777,104,21,2,214.60,,,,
778,104,22,2,221.04,,,,
779,104,23,2,227.61,,,,
780,104,24,2,230.87,,,,
781,104,25,2,238.77,,,,
782,104,26,2,252.60,,,,
783,104,27,2,258.36,,,,
784,104,28,2,265.30,,,,
785,104,29,2,271.35,,,,
786,104,30,2,271.96,,,,
787,104,31,2,283.51,,,,
788,104,32,2,289.52,,,,
789,104,33,2,294.80,,,,
790,104,34,2,300.50,,,,
791,104,35,2,301.68,,,,
792,104,36,2,313.05,,,,
793,104,37,2,320.94,,,,
794,104,38,2,325.36,,,,
795,104,39,2,331.01,,,,
796,104,40,2,331.57,,,,
797,104,41,2,343.09,,,,
798,104,42,2,347.47,,,,
799,104,43,2,356.38,,,,
800,104,44,2,362.31,,,,
801,104,45,2,366.95,,,,
802,104,46,2,372.91,,,,
803,104,47,2,373.58,,,,
804,104,48,2,374.46,,,,
805,104,49,2,374.55,,,,
806,104,50,2,374.86,,,,
807,104,51,2,399.76,,,,
808,104,52,2,428.35,,,,
809,104,53,2,431.21,,,,
810,104,54,2,431.67,,,,
811,104,55,2,434.80,,,,
812,104,56,2,435.27,,,,
813,104,57,2,436.08,,,,
814,104,58,2,436.60,,,,
815,104,59,2,446.99,,,,
816,104,60,2,448.03,,,,
817,104,61,2,466.05,,,,
818,104,62,2,473.14,,,,
819,104,63,2,477.40,,,,
820,104,64,2,477.86,,,,
821,104,65,2,481.97,,,,
822,104,66,2,502.04,,,,
823,104,67,2,504.04,,,,
824,104,68,2,504.51,,,,
825,104,69,2,505.02,,,,
826,104,70,2,505.48,,,,
827,104,71,2,507.13,,,,
828,104,72,2,539.81,,,,
829,104,73,2,543.08,,,,
830,104,74,2,543.59,,,,
831,104,75,2,544.51,,,,
832,104,76,2,547.43,,,,
833,104,77,2,549.66,,,,
834,104,78,2,569.82,,,,
835,104,79,2,571.85,,,,
836,104,80,2,572.77,,,,
837,104,81,2,589.73,,,,
838,104,82,2,592.85,,,,
839,104,83,2,593.80,,,,
840,104,84,2,594.77,,,,
841,104,85,2,595.73,,,,
842,104,86,2,597.43,,,,
843,104,87,2,618.87,,,,
844,104,88,2,621.02,,,,
845,104,89,2,646.60,,,,
846,104,90,2,664.94,,,,
847,104,91,2,666.80,,,,
848,104,92,2,667.60,,,,
849,104,93,2,668.40,,,,
850,104,94,2,669.20,,,,
851,104,95,2,670.00,,,,
852,104,96,2,670.80,,,,
853,104,97,2,671.60,,,,
854,104,98,2,672.40,,,,
855,104,99,2,673.20,,,,
856,104,100,2,680.74,,,,
857,104,101,2,687.58,,,,
858,104,102,2,694.38,,,,
859,104,103,2,701.19,,,,
860,104,104,2,707.98,,,,
861,104,105,2,714.79,,,,
862,104,106,2,721.60,,,,
863,104,107,2,728.42,,,,
864,104,108,2,735.22,,,,
865,104,109,2,742.03,,,,
866,104,110,2,748.84,,,,
867,104,111,2,755.63,,,,
868,104,112,2,762.44,,,,
869,104,113,2,769.27,,,,
870,104,114,2,776.07,,,,
871,104,115,2,782.87,,,,
872,104,116,2,789.68,,,,
873,104,117,2,796.49,,,,
874,104,118,2,803.29,,,,
875,104,119,2,810.10,,,,
876,104,120,2,816.91,,,,
877,104,121,2,823.72,,,,
878,104,122,2,830.52,,,,
879,104,123,2,837.33,,,,
880,104,124,2,844.14,,,,
881,104,125,2,850.96,,,,
882,104,126,2,857.76,,,,
883,104,127,2,864.56,,,,
884,104,128,2,871.36,,,,
885,104,129,2,878.17,,,,
886,104,130,2,884.99,,,,
887,104,131,2,891.79,,,,
888,104,132,2,898.61,,,,
889,104,133,2,905.40,,,,
890,104,134,2,912.21,,,,
891,104,135,2,919.01,,,,
892,104,136,2,925.83,,,,
893,104,137,2,932.63,,,,
894,104,138,2,939.45,,,,
895,104,139,2,946.26,,,,
896,104,140,2,953.05,,,,
897,104,141,2,959.85,,,,
898,104,142,2,966.68,,,,
899,104,143,2,973.48,,,,
900,104,144,2,980.29,,,,
901,104,145,2,987.10,,,,
902,104,146,2,993.91,,,,
903,104,147,2,1000.70,,,,
904,104,148,2,1007.51,,,,
905,104,149,2,1014.32,,,,
906,104,150,2,1021.13,,,,
907,105,0,1,80.66,,,,
908,105,1,1,110.02,,,,
909,105,2,1,115.91,,,,
910,105,3,1,128.19,,,,
911,105,4,1,137.52,,,,
912,105,5,1,138.48,,,,
913,105,6,1,156.87,,,,
914,105,7,1,163.12,,,,
915,105,8,1,168.28,,,,
916,105,9,1,168.81,,,,
917,105,10,1,170.03,,,,
918,105,11,1,207.73,,,,
919,105,12,1,216.05,,,,
920,105,13,1,222.09,,,,
921,105,14,1,222.52,,,,
922,105,15,1,223.73,,,,
923,105,16,1,246.52,,,,
924,105,17,1,249.68,,,,
925,105,18,1,249.92,,,,
926,105,19,1,250.07,,,,
927,105,20,1,251.23,,,,
928,105,21,1,257.71,,,,
929,105,22,1,266.41,,,,
930,105,23,1,276.85,,,,
931,105,24,1,286.82,,,,
932,105,25,1,287.83,,,,
933,105,26,1,305.63,,,,
934,105,27,1,306.89,,,,
935,105,28,1,315.02,,,,
936,105,29,1,315.85,,,,
937,105,30,1,318.36,,,,
938,105,31,1,331.22,,,,
939,105,32,1,333.02,,,,
940,105,33,1,351.24,,,,
941,105,34,1,354.80,,,,
942,105,35,1,355.15,,,,
943,105,36,1,361.71,,,,
944,105,37,1,382.30,,,,
945,105,38,1,383.63,,,,
946,105,39,1,383.85,,,,
947,105,40,1,384.97,,,,
948,105,41,1,395.18,,,,
949,105,42,1,400.76,,,,
950,105,43,1,410.69,,,,
951,105,44,1,419.17,,,,
952,105,45,1,425.02,,,,
953,105,46,1,433.76,,,,
954,105,47,1,435.33,,,,
955,105,48,1,439.90,,,,
956,105,49,1,440.02,,,,
957,105,50,1,440.53,,,,
958,105,51,1,474.95,,,,
959,105,52,1,483.66,,,,
960,105,53,1,493.74,,,,
961,105,54,1,498.10,,,,
962,105,55,1,499.25,,,,
963,105,56,1,507.39,,,,
964,105,57,1,508.67,,,,
965,105,58,1,509.13,,,,
966,105,59,1,516.34,,,,
967,105,60,1,517.07,,,,
968,105,61,1,531.18,,,,
969,105,62,1,537.39,,,,
970,105,63,1,538.11,,,,
971,105,64,1,552.37,,,,
972,105,65,1,558.08,,,,
973,105,66,1,574.52,,,,
974,105,67,1,579.86,,,,
975,105,68,1,586.99,,,,
976,105,69,1,588.47,,,,
977,105,70,1,590.45,,,,
978,105,71,1,591.46,,,,
979,105,72,1,610.31,,,,
980,105,73,1,612.19,,,,
981,105,74,1,612.67,,,,
982,105,75,1,613.63,,,,
983,105,76,1,618.60,,,,
984,105,77,1,637.44,,,,
985,105,78,1,645.57,,,,
986,105,79,1,654.75,,,,
987,105,80,1,656.74,,,,
988,105,81,1,695.12,,,,
989,105,82,1,698.96,,,,
990,105,83,1,699.91,,,,
991,105,84,1,700.86,,,,
992,105,85,1,701.81,,,,
993,105,86,1,710.29,,,,
994,105,87,1,713.73,,,,
995,105,88,1,714.67,,,,
996,105,89,1,738.10,,,,
997,105,90,1,742.24,,,,
998,105,91,1,743.16,,,,
999,105,92,1,744.07,,,,
1000,105,93,1,744.99,,,,
1001,105,94,1,745.90,,,,
1002,105,95,1,751.04,,,,
1003,105,96,1,755.86,,,,
1004,105,97,1,761.84,,,,
1005,105,98,1,764.05,,,,
1006,105,99,1,804.02,,,,
1007,105,100,1,816.79,,,,
1008,105,101,1,824.68,,,,
1009,105,102,1,832.55,,,,
1010,105,103,1,840.41,,,,
1011,105,104,1,848.28,,,,
1012,105,105,1,856.16,,,,
1013,105,106,1,864.02,,,,
1014,105,107,1,871.88,,,,
1015,105,108,1,879.76,,,,
1016,105,109,1,887.62,,,,
1017,105,110,1,895.50,,,,
1018,105,111,1,903.36,,,,
1019,105,112,1,911.22,,,,
1020,105,113,1,919.10,,,,
1021,105,114,1,926.97,,,,
1022,105,115,1,934.83,,,,
1023,105,116,1,942.70,,,,
1024,105,117,1,950.57,,,,
1025,105,118,1,958.44,,,,
1026,105,119,1,966.30,,,,
1027,105,120,1,974.18,,,,
1028,105,121,1,982.04,,,,
1029,105,122,1,989.91,,,,
1030,105,123,1,997.78,,,,
1031,105,124,1,1005.64,,,,
1032,105,125,1,1013.49,,,,
1033,105,126,1,1021.39,,,,
1034,105,127,1,1029.24,,,,
1035,105,128,1,1037.11,,,,
1036,105,129,1,1044.98,,,,
1037,105,130,1,1052.86,,,,
1038,105,131,1,1060.71,,,,
1039,105,132,1,1068.59,,,,
1040,105,133,1,1076.45,,,,
1041,105,134,1,1084.32,,,,
1042,105,135,1,1092.20,,,,
1043,105,136,1,1100.06,,,,
1044,105,137,1,1107.91,,,,
1045,105,138,1,1115.81,,,,
1046,105,139,1,1123.66,,,,
1047,105,140,1,1131.53,,,,
1048,105,141,1,1139.40,,,,
1049,105,142,1,1147.27,,,,
1050,105,143,1,1155.13,,,,
1051,105,144,1,1163.01,,,,
1052,105,145,1,1170.87,,,,
1053,105,146,1,1178.74,,,,
1054,105,147,1,1186.61,,,,
1055,105,148,1,1194.48,,,,
1056,105,149,1,1202.33,,,,
1057,105,150,1,1210.23,,,,
1058,105,0,2,50.66,,,,
1059,105,1,2,80.02,,,,
1060,105,2,2,85.91,,,,
1061,105,3,2,98.19,,,,
1062,105,4,2,107.52,,,,
1063,105,5,2,108.48,,,,
1064,105,6,2,126.87,,,,
1065,105,7,2,133.12,,,,
1066,105,8,2,138.28,,,,
1067,105,9,2,138.81,,,,
1068,105,10,2,140.03,,,,
1069,105,11,2,177.73,,,,
1070,105,12,2,186.05,,,,
1071,105,13,2,192.09,,,,
1072,105,14,2,192.52,,,,
1073,105,15,2,193.73,,,,
1074,105,16,2,216.52,,,,
1075,105,17,2,219.68,,,,
1076,105,18,2,219.92,,,,
1077,105,19,2,220.07,,,,
1078,105,20,2,221.23,,,,
1079,105,21,2,227.71,,,,
1080,105,22,2,236.41,,,,
1081,105,23,2,246.85,,,,
1082,105,24,2,256.82,,,,
1083,105,25,2,257.83,,,,
1084,105,26,2,275.63,,,,
1085,105,27,2,276.89,,,,
1086,105,28,2,285.02,,,,
1087,105,29,2,285.85,,,,
1088,105,30,2,288.36,,,,
1089,105,31,2,301.22,,,,
1090,105,32,2,303.02,,,,
1091,105,33,2,321.24,,,,
1092,105,34,2,324.80,,,,
1093,105,35,2,325.15,,,,
1094,105,36,2,331.71,,,,
1095,105,37,2,352.30,,,,
1096,105,38,2,353.63,,,,
1097,105,39,2,353.85,,,,
1098,105,40,2,354.97,,,,
1099,105,41,2,365.18,,,,
1100,105,42,2,370.76,,,,
1101,105,43,2,380.69,,,,
1102,105,44,2,389.17,,,,
1103,105,45,2,395.02,,,,
1104,105,46,2,403.76,,,,
1105,105,47,2,405.33,,,,
1106,105,48,2,409.90,,,,
1107,105,49,2,410.02,,,,
1108,105,50,2,410.53,,,,
1109,105,51,2,444.95,,,,
1110,105,52,2,453.66,,,,
1111,105,53,2,463.74,,,,
1112,105,54,2,468.10,,,,
1113,105,55,2,469.25,,,,
1114,105,56,2,477.39,,,,
1115,105,57,2,478.67,,,,
1116,105,58,2,479.13,,,,
1117,105,59,2,486.34,,,,
1118,105,60,2,487.07,,,,
1119,105,61,2,501.18,,,,
1120,105,62,2,507.39,,,,
1121,105,63,2,508.11,,,,
1122,105,64,2,522.37,,,,
1123,105,65,2,528.08,,,,
1124,105,66,2,544.52,,,,
1125,105,67,2,549.86,,,,
1126,105,68,2,556.99,,,,
1127,105,69,2,558.47,,,,
1128,105,70,2,560.45,,,,
1129,105,71,2,561.46,,,,
1130,105,72,2,580.31,,,,
1131,105,73,2,582.19,,,,
1132,105,74,2,582.67,,,,
1133,105,75,2,583.63,,,,
1134,105,76,2,588.60,,,,
1135,105,77,2,607.44,,,,
1136,105,78,2,615.57,,,,
1137,105,79,2,624.75,,,,
1138,105,80,2,626.74,,,,
1139,105,81,2,665.12,,,,
1140,105,82,2,668.96,,,,
1141,105,83,2,669.91,,,,
1142,105,84,2,670.86,,,,
1143,105,85,2,671.81,,,,
1144,105,86,2,680.29,,,,
1145,105,87,2,683.73,,,,
1146,105,88,2,684.67,,,,
1147,105,89,2,708.10,,,,
1148,105,90,2,712.24,,,,
1149,105,91,2,713.16,,,,
1150,105,92,2,714.07,,,,
1151,105,93,2,714.99,,,,
1152,105,94,2,715.90,,,,
1153,105,95,2,721.04,,,,
1154,105,96,2,725.86,,,,
1155,105,97,2,731.84,,,,
1156,105,98,2,734.05,,,,
1157,105,99,2,774.02,,,,
1158,105,100,2,786.79,,,,
1159,105,101,2,794.68,,,,
1160,105,102,2,802.55,,,,
1161,105,103,2,810.41,,,,
1162,105,104,2,818.28,,,,
1163,105,105,2,826.16,,,,
1164,105,106,2,834.02,,,,
1165,105,107,2,841.88,,,,
1166,105,108,2,849.76,,,,
1167,105,109,2,857.62,,,,
1168,105,110,2,865.50,,,,
1169,105,111,2,873.36,,,,
1170,105,112,2,881.22,,,,
1171,105,113,2,889.10,,,,
1172,105,114,2,896.97,,,,
1173,105,115,2,904.83,,,,
1174,105,116,2,912.70,,,,
1175,105,117,2,920.57,,,,
1176,105,118,2,928.44,,,,
1177,105,119,2,936.30,,,,
1178,105,120,2,944.18,,,,
1179,105,121,2,952.04,,,,
1180,105,122,2,959.91,,,,
1181,105,123,2,967.78,,,,
1182,105,124,2,975.64,,,,
1183,105,125,2,983.49,,,,
1184,105,126,2,991.39,,,,
1185,105,127,2,999.24,,,,
1186,105,128,2,1007.11,,,,
1187,105,129,2,1014.98,,,,
1188,105,130,2,1022.86,,,,
1189,105,131,2,1030.71,,,,
1190,105,132,2,1038.59,,,,
1191,105,133,2,1046.45,,,,
1192,105,134,2,1054.32,,,,
1193,105,135,2,1062.20,,,,
1194,105,136,2,1070.06,,,,
1195,105,137,2,1077.91,,,,
1196,105,138,2,1085.81,,,,
1197,105,139,2,1093.66,,,,
1198,105,140,2,1101.53,,,,
1199,105,141,2,1109.40,,,,
1200,105,142,2,1117.27,,,,
1201,105,143,2,1125.13,,,,
1202,105,144,2,1133.01,,,,
1203,105,145,2,1140.87,,,,
1204,105,146,2,1148.74,,,,
1205,105,147,2,1156.61,,,,
1206,105,148,2,1164.48,,,,
1207,105,149,2,1172.33,,,,
1208,105,150,2,1180.23,,,,
1209,106,0,1,81.68,,,,
1210,106,1,1,114.25,,,,
1211,106,2,1,118.48,,,,
1212,106,3,1,135.59,,,,
1213,106,4,1,141.43,,,,
1214,106,5,1,142.45,,,,
1215,106,6,1,162.72,,,,
1216,106,7,1,168.17,,,,
1217,106,8,1,174.67,,,,
1218,106,9,1,175.33,,,,
1219,106,10,1,177.35,,,,
1220,106,11,1,216.76,,,,
1221,106,12,1,225.29,,,,
1222,106,13,1,226.12,,,,
1223,106,14,1,226.38,,,,
1224,106,15,1,227.61,,,,
1225,106,16,1,252.16,,,,
1226,106,17,1,254.73,,,,
1227,106,18,1,254.99,,,,
1228,106,19,1,255.20,,,,
1229,106,20,1,255.89,,,,
1230,106,21,1,269.70,,,,
1231,106,22,1,271.39,,,,
1232,106,23,1,290.86,,,,
1233,106,24,1,292.81,,,,
1234,106,25,1,297.93,,,,
1235,106,26,1,319.18,,,,
1236,106,27,1,325.44,,,,
1237,106,28,1,326.63,,,,
1238,106,29,1,327.25,,,,
1239,106,30,1,328.25,,,,
1240,106,31,1,352.97,,,,
1241,106,32,1,356.16,,,,
1242,106,33,1,362.39,,,,
1243,106,34,1,362.98,,,,
1244,106,35,1,363.57,,,,
1245,106,36,1,375.25,,,,
1246,106,37,1,391.96,,,,
1247,106,38,1,397.87,,,,
1248,106,39,1,398.46,,,,
1249,106,40,1,399.51,,,,
1250,106,41,1,419.94,,,,
1251,106,42,1,421.98,,,,
1252,106,43,1,429.14,,,,
1253,106,44,1,436.10,,,,
1254,106,45,1,436.82,,,,
1255,106,46,1,449.83,,,,
1256,106,47,1,452.66,,,,
1257,106,48,1,453.09,,,,
1258,106,49,1,453.32,,,,
1259,106,50,1,455.00,,,,
1260,106,51,1,484.00,,,,
1261,106,52,1,500.62,,,,
1262,106,53,1,502.28,,,,
1263,106,54,1,502.77,,,,
1264,106,55,1,503.93,,,,
1265,106,56,1,516.95,,,,
1266,106,57,1,519.18,,,,
1267,106,58,1,529.18,,,,
1268,106,59,1,530.20,,,,
1269,106,60,1,531.22,,,,
1270,106,61,1,551.53,,,,
1271,106,62,1,553.65,,,,
1272,106,63,1,556.07,,,,
1273,106,64,1,572.35,,,,
1274,106,65,1,575.77,,,,
1275,106,66,1,592.48,,,,
1276,106,67,1,594.16,,,,
1277,106,68,1,594.66,,,,
1278,106,69,1,595.58,,,,
1279,106,70,1,596.06,,,,
1280,106,71,1,597.11,,,,
1281,106,72,1,616.11,,,,
1282,106,73,1,618.02,,,,
1283,106,74,1,618.50,,,,
1284,106,75,1,619.45,,,,
1285,106,76,1,624.49,,,,
1286,106,77,1,648.55,,,,
1287,106,78,1,664.69,,,,
1288,106,79,1,674.08,,,,
1289,106,80,1,675.91,,,,
1290,106,81,1,710.16,,,,
1291,106,82,1,713.59,,,,
1292,106,83,1,714.54,,,,
1293,106,84,1,715.51,,,,
1294,106,85,1,716.43,,,,
1295,106,86,1,717.72,,,,
1296,106,87,1,720.80,,,,
1297,106,88,1,722.56,,,,
1298,106,89,1,757.73,,,,
1299,106,90,1,766.82,,,,
1300,106,91,1,767.76,,,,
1301,106,92,1,769.08,,,,
1302,106,93,1,770.01,,,,
1303,106,94,1,770.95,,,,
1304,106,95,1,771.92,,,,
1305,106,96,1,777.60,,,,
1306,106,97,1,785.32,,,,
1307,106,98,1,800.28,,,,
1308,106,99,1,823.33,,,,
1309,106,100,1,832.95,,,,
1310,106,101,1,841.00,,,,
1311,106,102,1,849.03,,,,
1312,106,103,1,857.05,,,,
1313,106,104,1,865.10,,,,
1314,106,105,1,873.12,,,,
1315,106,106,1,881.14,,,,
1316,106,107,1,889.18,,,,
1317,106,108,1,897.21,,,,
1318,106,109,1,905.23,,,,
1319,106,110,1,913.28,,,,
1320,106,111,1,921.29,,,,
1321,106,112,1,929.32,,,,
1322,106,113,1,937.36,,,,
1323,106,114,1,945.39,,,,
1324,106,115,1,953.41,,,,
1325,106,116,1,961.44,,,,
1326,106,117,1,969.48,,,,
1327,106,118,1,977.50,,,,
1328,106,119,1,985.53,,,,
1329,106,120,1,993.57,,,,
1330,106,121,1,1001.58,,,,
1331,106,122,1,1009.63,,,,
1332,106,123,1,1017.65,,,,
1333,106,124,1,1025.68,,,,
1334,106,125,1,1033.71,,,,
1335,106,126,1,1041.74,,,,
1336,106,127,1,1049.77,,,,
1337,106,128,1,1057.79,,,,
1338,106,129,1,1065.85,,,,
1339,106,130,1,1073.86,,,,
1340,106,131,1,1081.87,,,,
1341,106,132,1,1089.92,,,,
1342,106,133,1,1097.94,,,,
1343,106,134,1,1105.97,,,,
1344,106,135,1,1114.00,,,,
1345,106,136,1,1122.03,,,,
1346,106,137,1,1130.06,,,,
1347,106,138,1,1138.09,,,,
1348,106,139,1,1146.14,,,,
1349,106,140,1,1154.15,,,,
1350,106,141,1,1162.17,,,,
1351,106,142,1,1170.22,,,,
1352,106,143,1,1178.24,,,,
1353,106,144,1,1186.28,,,,
1354,106,145,1,1194.30,,,,
1355,106,146,1,1202.32,,`,,
1356,106,147,1,1210.37,,,,
1357,106,148,1,1218.38,,,,
1358,106,149,1,1226.43,,,,
1359,106,150,1,1234.45,,,,
1360,106,0,2,51.68,,,,
1361,106,1,2,84.25,,,,
1362,106,2,2,88.48,,,,
1363,106,3,2,105.59,,,,
1364,106,4,2,111.43,,,,
1365,106,5,2,112.45,,,,
1366,106,6,2,132.72,,,,
1367,106,7,2,138.17,,,,
1368,106,8,2,144.67,,,,
1369,106,9,2,145.33,,,,
1370,106,10,2,147.35,,,,
1371,106,11,2,186.76,,,,
1372,106,12,2,195.29,,,,
1373,106,13,2,196.12,,,,
1374,106,14,2,196.38,,,,
1375,106,15,2,197.61,,,,
1376,106,16,2,222.16,,,,
1377,106,17,2,224.73,,,,
1378,106,18,2,224.99,,,,
1379,106,19,2,225.20,,,,
1380,106,20,2,225.89,,,,
1381,106,21,2,239.70,,,,
1382,106,22,2,241.39,,,,
1383,106,23,2,260.86,,,,
1384,106,24,2,262.81,,,,
1385,106,25,2,267.93,,,,
1386,106,26,2,289.18,,,,
1387,106,27,2,295.44,,,,
1388,106,28,2,296.63,,,,
1389,106,29,2,297.25,,,,
1390,106,30,2,298.25,,,,
1391,106,31,2,322.97,,,,
1392,106,32,2,326.16,,,,
1393,106,33,2,332.39,,,,
1394,106,34,2,332.98,,,,
1395,106,35,2,333.57,,,,
1396,106,36,2,345.25,,,,
1397,106,37,2,361.96,,,,
1398,106,38,2,367.87,,,,
1399,106,39,2,368.46,,,,
1400,106,40,2,369.51,,,,
1401,106,41,2,389.94,,,,
1402,106,42,2,391.98,,,,
1403,106,43,2,399.14,,,,
1404,106,44,2,406.10,,,,
1405,106,45,2,406.82,,,,
1406,106,46,2,419.83,,,,
1407,106,47,2,422.66,,,,
1408,106,48,2,423.09,,,,
1409,106,49,2,423.32,,,,
1410,106,50,2,425.00,,,,
1411,106,51,2,454.00,,,,
1412,106,52,2,470.62,,,,
1413,106,53,2,472.28,,,,
1414,106,54,2,472.77,,,,
1415,106,55,2,473.93,,,,
1416,106,56,2,486.95,,,,
1417,106,57,2,489.18,,,,
1418,106,58,2,499.18,,,,
1419,106,59,2,500.20,,,,
1420,106,60,2,501.22,,,,
1421,106,61,2,521.53,,,,
1422,106,62,2,523.65,,,,
1423,106,63,2,526.07,,,,
1424,106,64,2,542.35,,,,
1425,106,65,2,545.77,,,,
1426,106,66,2,562.48,,,,
1427,106,67,2,564.16,,,,
1428,106,68,2,564.66,,,,
1429,106,69,2,565.58,,,,
1430,106,70,2,566.06,,,,
1431,106,71,2,567.11,,,,
1432,106,72,2,586.11,,,,
1433,106,73,2,588.02,,,,
1434,106,74,2,588.50,,,,
1435,106,75,2,589.45,,,,
1436,106,76,2,594.49,,,,
1437,106,77,2,618.55,,,,
1438,106,78,2,634.69,,,,
1439,106,79,2,644.08,,,,
1440,106,80,2,645.91,,,,
1441,106,81,2,680.16,,,,
1442,106,82,2,683.59,,,,
1443,106,83,2,684.54,,,,
1444,106,84,2,685.51,,,,
1445,106,85,2,686.43,,,,
1446,106,86,2,687.72,,,,
1447,106,87,2,690.80,,,,
1448,106,88,2,692.56,,,,
1449,106,89,2,727.73,,,,
1450,106,90,2,736.82,,,,
1451,106,91,2,737.76,,,,
1452,106,92,2,739.08,,,,
1453,106,93,2,740.01,,,,
1454,106,94,2,740.95,,,,
1455,106,95,2,741.92,,,,
1456,106,96,2,747.60,,,,
1457,106,97,2,755.32,,,,
1458,106,98,2,770.28,,,,
1459,106,99,2,793.33,,,,
1460,106,100,2,802.95,,,,
1461,106,101,2,811.00,,,,
1462,106,102,2,819.03,,,,
1463,106,103,2,827.05,,,,
1464,106,104,2,835.10,,,,
1465,106,105,2,843.12,,,,
1466,106,106,2,851.14,,,,
1467,106,107,2,859.18,,,,
1468,106,108,2,867.21,,,,
1469,106,109,2,875.23,,,,
1470,106,110,2,883.28,,,,
1471,106,111,2,891.29,,,,
1472,106,112,2,899.32,,,,
1473,106,113,2,907.36,,,,
1474,106,114,2,915.39,,,,
1475,106,115,2,923.41,,,,
1476,106,116,2,931.44,,,,
1477,106,117,2,939.48,,,,
1478,106,118,2,947.50,,,,
1479,106,119,2,955.53,,,,
1480,106,120,2,963.57,,,,
1481,106,121,2,971.58,,,,
1482,106,122,2,979.63,,,,
1483,106,123,2,987.65,,,,
1484,106,124,2,995.68,,,,
1485,106,125,2,1003.71,,,,
1486,106,126,2,1011.74,,,,
1487,106,127,2,1019.77,,,,
1488,106,128,2,1027.79,,,,
1489,106,129,2,1035.85,,,,
1490,106,130,2,1043.86,,,,
1491,106,131,2,1051.87,,,,
1492,106,132,2,1059.92,,,,
1493,106,133,2,1067.94,,,,
1494,106,134,2,1075.97,,,,
1495,106,135,2,1084.00,,,,
1496,106,136,2,1092.03,,,,
1497,106,137,2,1100.06,,,,
1498,106,138,2,1108.09,,,,
1499,106,139,2,1116.14,,,,
1500,106,140,2,1124.15,,,,
1501,106,141,2,1132.17,,,,
1502,106,142,2,1140.22,,,,
1503,106,143,2,1148.24,,,,
1504,106,144,2,1156.28,,,,
1505,106,145,2,1164.30,,,,
1506,106,146,2,1172.32,,,,
1507,106,147,2,1180.37,,,,
1508,106,148,2,1188.38,,,,
1509,106,149,2,1196.43,,,,
1510,106,150,2,1204.45,,,,
1511,107,0,1,87.39,,,,
1512,107,1,1,125.68,,,,
1513,107,2,1,129.62,,,,
1514,107,3,1,145.93,,,,
1515,107,4,1,155.92,,,,
1516,107,5,1,157.53,,,,
1517,107,6,1,176.42,,,,
1518,107,7,1,182.82,,,,
1519,107,8,1,191.86,,,,
1520,107,9,1,192.77,,,,
1521,107,10,1,194.34,,,,
1522,107,11,1,225.76,,,,
1523,107,12,1,229.86,,,,
1524,107,13,1,247.61,,,,
1525,107,14,1,249.38,,,,
1526,107,15,1,250.50,,,,
1527,107,16,1,272.82,,,,
1528,107,17,1,275.06,,,,
1529,107,18,1,275.29,,,,
1530,107,19,1,275.52,,,,
1531,107,20,1,276.23,,,,
1532,107,21,1,289.80,,,,
1533,107,22,1,303.17,,,,
1534,107,23,1,318.10,,,,
1535,107,24,1,323.54,,,,
1536,107,25,1,324.74,,,,
1537,107,26,1,332.07,,,,
1538,107,27,1,339.44,,,,
1539,107,28,1,346.32,,,,
1540,107,29,1,354.36,,,,
1541,107,30,1,355.79,,,,
1542,107,31,1,367.99,,,,
1543,107,32,1,369.65,,,,
1544,107,33,1,388.45,,,,
1545,107,34,1,397.19,,,,
1546,107,35,1,400.62,,,,
1547,107,36,1,405.23,,,,
1548,107,37,1,418.44,,,,
1549,107,38,1,419.69,,,,
1550,107,39,1,429.51,,,,
1551,107,40,1,430.50,,,,
1552,107,41,1,436.17,,,,
1553,107,42,1,437.68,,,,
1554,107,43,1,456.17,,,,
1555,107,44,1,463.09,,,,
1556,107,45,1,471.54,,,,
1557,107,46,1,476.57,,,,
1558,107,47,1,477.89,,,,
1559,107,48,1,486.03,,,,
1560,107,49,1,486.28,,,,
1561,107,50,1,487.27,,,,
1562,107,51,1,521.21,,,,
1563,107,52,1,540.40,,,,
1564,107,53,1,564.94,,,,
1565,107,54,1,567.39,,,,
1566,107,55,1,567.44,,,,
1567,107,56,1,567.50,,,,
1568,107,57,1,568.14,,,,
1569,107,58,1,569.59,,,,
1570,107,59,1,572.02,,,,
1571,107,60,1,606.71,,,,
1572,107,61,1,618.92,,,,
1573,107,62,1,627.34,,,,
1574,107,63,1,635.85,,,,
1575,107,64,1,646.80,,,,
1576,107,65,1,656.35,,,,
1577,107,66,1,657.32,,,,
1578,107,67,1,657.78,,,,
1579,107,68,1,658.23,,,,
1580,107,69,1,658.69,,,,
1581,107,70,1,660.03,,,,
1582,107,71,1,686.62,,,,
1583,107,72,1,715.21,,,,
1584,107,73,1,718.07,,,,
1585,107,74,1,718.52,,,,
1586,107,75,1,719.45,,,,
1587,107,76,1,737.65,,,,
1588,107,77,1,739.48,,,,
1589,107,78,1,747.42,,,,
1590,107,79,1,759.73,,,,
1591,107,80,1,762.77,,,,
1592,107,81,1,781.26,,,,
1593,107,82,1,783.11,,,,
1594,107,83,1,784.09,,,,
1595,107,84,1,799.41,,,,
1596,107,85,1,799.48,,,,
1597,107,86,1,801.97,,,,
1598,107,87,1,803.16,,,,
1599,107,88,1,806.10,,,,
1600,107,89,1,859.60,,,,
1601,107,90,1,894.72,,,,
1602,107,91,1,898.24,,,,
1603,107,92,1,899.23,,,,
1604,107,93,1,900.18,,,,
1605,107,94,1,901.48,,,,
1606,107,95,1,902.45,,,,
1607,107,96,1,905.23,,,,
1608,107,97,1,906.19,,,,
1609,107,98,1,908.27,,,,
1610,107,99,1,949.96,,,,
1611,107,100,1,1003.26,,,,
1612,107,101,1,1012.73,,,,
1613,107,102,1,1022.46,,,,
1614,107,103,1,1032.19,,,,
1615,107,104,1,1041.92,,,,
1616,107,105,1,1051.65,,,,
1617,107,106,1,1061.38,,,,
1618,107,107,1,1071.11,,,,
1619,107,108,1,1080.84,,,,
1620,107,109,1,1090.57,,,,
1621,107,110,1,1100.30,,,,
1622,107,111,1,1110.03,,,,
1623,107,112,1,1119.76,,,,
1624,107,113,1,1129.49,,,,
1625,107,114,1,1139.22,,,,
1626,107,115,1,1148.95,,,,
1627,107,116,1,1158.68,,,,
1628,107,117,1,1168.41,,,,
1629,107,118,1,1178.14,,,,
1630,107,119,1,1187.87,,,,
1631,107,120,1,1197.60,,,,
1632,107,121,1,1207.33,,,,
1633,107,122,1,1217.06,,,,
1634,107,123,1,1226.79,,,,
1635,107,124,1,1236.52,,,,
1636,107,125,1,1246.25,,,,
1637,107,126,1,1255.98,,,,
1638,107,127,1,1265.71,,,,
1639,107,128,1,1275.44,,,,
1640,107,129,1,1285.17,,,,
1641,107,130,1,1294.90,,,,
1642,107,131,1,1304.63,,,,
1643,107,132,1,1314.36,,,,
1644,107,133,1,1324.09,,,,
1645,107,134,1,1333.82,,,,
1646,107,135,1,1343.55,,,,
1647,107,136,1,1353.28,,,,
1648,107,137,1,1363.01,,,,
1649,107,138,1,1372.74,,,,
1650,107,139,1,1382.47,,,,
1651,107,140,1,1392.20,,,,
1652,107,141,1,1401.93,,,,
1653,107,142,1,1411.66,,,,
1654,107,143,1,1421.39,,,,
1655,107,144,1,1431.12,,,,
1656,107,145,1,1440.85,,,,
1657,107,146,1,1450.58,,,,
1658,107,147,1,1460.31,,,,
1659,107,148,1,1470.04,,,,
1660,107,149,1,1479.77,,,,
1661,107,150,1,1489.50,,,,
1662,107,0,2,57.39,,,,
1663,107,1,2,95.68,,,,
1664,107,2,2,99.62,,,,
1665,107,3,2,115.93,,,,
1666,107,4,2,125.92,,,,
1667,107,5,2,127.53,,,,
1668,107,6,2,146.42,,,,
1669,107,7,2,152.82,,,,
1670,107,8,2,161.86,,,,
1671,107,9,2,162.77,,,,
1672,107,10,2,164.34,,,,
1673,107,11,2,195.76,,,,
1674,107,12,2,199.86,,,,
1675,107,13,2,217.61,,,,
1676,107,14,2,219.38,,,,
1677,107,15,2,220.50,,,,
1678,107,16,2,242.82,,,,
1679,107,17,2,245.06,,,,
1680,107,18,2,245.29,,,,
1681,107,19,2,245.52,,,,
1682,107,20,2,246.23,,,,
1683,107,21,2,259.80,,,,
1684,107,22,2,273.17,,,,
1685,107,23,2,288.10,,,,
1686,107,24,2,293.54,,,,
1687,107,25,2,294.74,,,,
1688,107,26,2,302.07,,,,
1689,107,27,2,309.44,,,,
1690,107,28,2,316.32,,,,
1691,107,29,2,324.36,,,,
1692,107,30,2,325.79,,,,
1693,107,31,2,337.99,,,,
1694,107,32,2,339.65,,,,
1695,107,33,2,358.45,,,,
1696,107,34,2,367.19,,,,
1697,107,35,2,370.62,,,,
1698,107,36,2,375.23,,,,
1699,107,37,2,388.44,,,,
1700,107,38,2,389.69,,,,
1701,107,39,2,399.51,,,,
1702,107,40,2,400.50,,,,
1703,107,41,2,406.17,,,,
1704,107,42,2,407.68,,,,
1705,107,43,2,426.17,,,,
1706,107,44,2,433.09,,,,
1707,107,45,2,441.54,,,,
1708,107,46,2,446.57,,,,
1709,107,47,2,447.89,,,,
1710,107,48,2,456.03,,,,
1711,107,49,2,456.28,,,,
1712,107,50,2,457.27,,,,
1713,107,51,2,491.21,,,,
1714,107,52,2,510.40,,,,
1715,107,53,2,534.94,,,,
1716,107,54,2,537.39,,,,
1717,107,55,2,537.44,,,,
1718,107,56,2,537.50,,,,
1719,107,57,2,538.14,,,,
1720,107,58,2,539.59,,,,
1721,107,59,2,542.02,,,,
1722,107,60,2,576.71,,,,
1723,107,61,2,588.92,,,,
1724,107,62,2,597.34,,,,
1725,107,63,2,605.85,,,,
1726,107,64,2,616.80,,,,
1727,107,65,2,626.35,,,,
1728,107,66,2,627.32,,,,
1729,107,67,2,627.78,,,,
1730,107,68,2,628.23,,,,
1731,107,69,2,628.69,,,,
1732,107,70,2,630.03,,,,
1733,107,71,2,656.62,,,,
1734,107,72,2,685.21,,,,
1735,107,73,2,688.07,,,,
1736,107,74,2,688.52,,,,
1737,107,75,2,689.45,,,,
1738,107,76,2,707.65,,,,
1739,107,77,2,709.48,,,,
1740,107,78,2,717.42,,,,
1741,107,79,2,729.73,,,,
1742,107,80,2,732.77,,,,
1743,107,81,2,751.26,,,,
1744,107,82,2,753.11,,,,
1745,107,83,2,754.09,,,,
1746,107,84,2,769.41,,,,
1747,107,85,2,769.48,,,,
1748,107,86,2,771.97,,,,
1749,107,87,2,773.16,,,,
1750,107,88,2,776.10,,,,
1751,107,89,2,829.60,,,,
1752,107,90,2,864.72,,,,
1753,107,91,2,868.24,,,,
1754,107,92,2,869.23,,,,
1755,107,93,2,870.18,,,,
1756,107,94,2,871.48,,,,
1757,107,95,2,872.45,,,,
1758,107,96,2,875.23,,,,
1759,107,97,2,876.19,,,,
1760,107,98,2,878.27,,,,
1761,107,99,2,919.96,,,,
1762,107,100,2,973.26,,,,
1763,107,101,2,982.73,,,,
1764,107,102,2,992.46,,,,
1765,107,103,2,1002.19,,,,
1766,107,104,2,1011.92,,,,
1767,107,105,2,1021.65,,,,
1768,107,106,2,1031.38,,,,
1769,107,107,2,1041.11,,,,
1770,107,108,2,1050.84,,,,
1771,107,109,2,1060.57,,,,
1772,107,110,2,1070.30,,,,
1773,107,111,2,1080.03,,,,
1774,107,112,2,1089.76,,,,
1775,107,113,2,1099.49,,,,
1776,107,114,2,1109.22,,,,
1777,107,115,2,1118.95,,,,
1778,107,116,2,1128.68,,,,
1779,107,117,2,1138.41,,,,
1780,107,118,2,1148.14,,,,
1781,107,119,2,1157.87,,,,
1782,107,120,2,1167.60,,,,
1783,107,121,2,1177.33,,,,
1784,107,122,2,1187.06,,,,
1785,107,123,2,1196.79,,,,
1786,107,124,2,1206.52,,,,
1787,107,125,2,1216.25,,,,
1788,107,126,2,1225.98,,,,
1789,107,127,2,1235.71,,,,
1790,107,128,2,1245.44,,,,
1791,107,129,2,1255.17,,,,
1792,107,130,2,1264.90,,,,
1793,107,131,2,1274.63,,,,
1794,107,132,2,1284.36,,,,
1795,107,133,2,1294.09,,,,
1796,107,134,2,1303.82,,,,
1797,107,135,2,1313.55,,,,
1798,107,136,2,1323.28,,,,
1799,107,137,2,1333.01,,,,
1800,107,138,2,1342.74,,,,
1801,107,139,2,1352.47,,,,
1802,107,140,2,1362.20,,,,
1803,107,141,2,1371.93,,,,
1804,107,142,2,1381.66,,,,
1805,107,143,2,1391.39,,,,
1806,107,144,2,1401.12,,,,
1807,107,145,2,1410.85,,,,
1808,107,146,2,1420.58,,,,
1809,107,147,2,1430.31,,,,
1810,107,148,2,1440.04,,,,
1811,107,149,2,1449.77,,,,
1812,107,150,2,1459.50,,,,
1813,108,0,1,90.00,,,,
1814,108,1,1,128.29,,,,
1815,108,2,1,139.83,,,,
1816,108,3,1,150.05,,,,
1817,108,4,1,160.66,,,,
1818,108,5,1,161.21,,,,
1819,108,6,1,182.72,,,,
1820,108,7,1,193.16,,,,
1821,108,8,1,198.23,,,,
1822,108,9,1,198.78,,,,
1823,108,10,1,200.23,,,,
1824,108,11,1,229.69,,,,
1825,108,12,1,233.88,,,,
1826,108,13,1,251.99,,,,
1827,108,14,1,253.78,,,,
1828,108,15,1,254.94,,,,
1829,108,16,1,277.68,,,,
1830,108,17,1,279.98,,,,
1831,108,18,1,280.20,,,,
1832,108,19,1,280.44,,,,
1833,108,20,1,280.70,,,,
1834,108,21,1,305.31,,,,
1835,108,22,1,315.79,,,,
1836,108,23,1,323.90,,,,
1837,108,24,1,329.81,,,,
1838,108,25,1,330.58,,,,
1839,108,26,1,345.54,,,,
1840,108,27,1,359.67,,,,
1841,108,28,1,367.86,,,,
1842,108,29,1,369.63,,,,
1843,108,30,1,369.69,,,,
1844,108,31,1,382.86,,,,
1845,108,32,1,386.75,,,,
1846,108,33,1,402.31,,,,
1847,108,34,1,404.55,,,,
1848,108,35,1,408.05,,,,
1849,108,36,1,416.07,,,,
1850,108,37,1,429.18,,,,
1851,108,38,1,430.50,,,,
1852,108,39,1,437.62,,,,
1853,108,40,1,438.51,,,,
1854,108,41,1,456.23,,,,
1855,108,42,1,464.24,,,,
1856,108,43,1,488.37,,,,
1857,108,44,1,490.96,,,,
1858,108,45,1,491.69,,,,
1859,108,46,1,509.79,,,,
1860,108,47,1,512.33,,,,
1861,108,48,1,512.96,,,,
1862,108,49,1,513.22,,,,
1863,108,50,1,514.62,,,,
1864,108,51,1,537.42,,,,
1865,108,52,1,565.39,,,,
1866,108,53,1,576.43,,,,
1867,108,54,1,577.54,,,,
1868,108,55,1,578.01,,,,
1869,108,56,1,578.46,,,,
1870,108,57,1,578.91,,,,
1871,108,58,1,580.39,,,,
1872,108,59,1,609.58,,,,
1873,108,60,1,612.50,,,,
1874,108,61,1,630.71,,,,
1875,108,62,1,645.17,,,,
1876,108,63,1,647.97,,,,
1877,108,64,1,670.84,,,,
1878,108,65,1,678.05,,,,
1879,108,66,1,679.39,,,,
1880,108,67,1,679.84,,,,
1881,108,68,1,683.61,,,,
1882,108,69,1,696.09,,,,
1883,108,70,1,697.35,,,,
1884,108,71,1,699.77,,,,
1885,108,72,1,748.05,,,,
1886,108,73,1,752.89,,,,
1887,108,74,1,753.42,,,,
1888,108,75,1,754.33,,,,
1889,108,76,1,755.25,,,,
1890,108,77,1,756.16,,,,
1891,108,78,1,757.07,,,,
1892,108,79,1,767.05,,,,
1893,108,80,1,770.12,,,,
1894,108,81,1,789.64,,,,
1895,108,82,1,791.58,,,,
1896,108,83,1,792.57,,,,
1897,108,84,1,808.56,,,,
1898,108,85,1,810.32,,,,
1899,108,86,1,811.31,,,,
1900,108,87,1,812.53,,,,
1901,108,88,1,816.48,,,,
1902,108,89,1,895.50,,,,
1903,108,90,1,911.90,,,,
1904,108,91,1,913.53,,,,
1905,108,92,1,914.60,,,,
1906,108,93,1,915.65,,,,
1907,108,94,1,916.72,,,,
1908,108,95,1,917.78,,,,
1909,108,96,1,918.71,,,,
1910,108,97,1,919.90,,,,
1911,108,98,1,922.03,,,,
1912,108,99,1,964.44,,,,
1913,108,100,1,1062.00,,,,
1914,108,101,1,1072.32,,,,
1915,108,102,1,1082.64,,,,
1916,108,103,1,1092.96,,,,
1917,108,104,1,1103.28,,,,
1918,108,105,1,1113.60,,,,
1919,108,106,1,1123.92,,,,
1920,108,107,1,1134.24,,,,
1921,108,108,1,1144.56,,,,
1922,108,109,1,1154.88,,,,
1923,108,110,1,1165.20,,,,
1924,108,111,1,1175.52,,,,
1925,108,112,1,1185.84,,,,
1926,108,113,1,1196.16,,,,
1927,108,114,1,1206.48,,,,
1928,108,115,1,1216.80,,,,
1929,108,116,1,1227.12,,,,
1930,108,117,1,1237.44,,,,
1931,108,118,1,1247.76,,,,
1932,108,119,1,1258.08,,,,
1933,108,120,1,1268.40,,,,
1934,108,121,1,1278.72,,,,
1935,108,122,1,1289.04,,,,
1936,108,123,1,1299.36,,,,
1937,108,124,1,1309.68,,,,
1938,108,125,1,1320.00,,,,
1939,108,126,1,1330.32,,,,
1940,108,127,1,1340.64,,,,
1941,108,128,1,1350.96,,,,
1942,108,129,1,1361.28,,,,
1943,108,130,1,1371.60,,,,
1944,108,131,1,1381.92,,,,
1945,108,132,1,1392.24,,,,
1946,108,133,1,1402.56,,,,
1947,108,134,1,1412.88,,,,
1948,108,135,1,1423.20,,,,
1949,108,136,1,1433.52,,,,
1950,108,137,1,1443.84,,,,
1951,108,138,1,1454.16,,,,
1952,108,139,1,1464.48,,,,
1953,108,140,1,1474.80,,,,
1954,108,141,1,1485.12,,,,
1955,108,142,1,1495.44,,,,
1956,108,143,1,1505.76,,,,
1957,108,144,1,1516.08,,,,
1958,108,145,1,1526.40,,,,
1959,108,146,1,1536.72,,,,
1960,108,147,1,1547.04,,,,
1961,108,148,1,1557.36,,,,
1962,108,149,1,1567.68,,,,
1963,108,150,1,1578.00,,,,
1964,108,0,2,60.00,,,,
1965,108,1,2,98.29,,,,
1966,108,2,2,109.83,,,,
1967,108,3,2,120.05,,,,
1968,108,4,2,130.66,,,,
1969,108,5,2,131.21,,,,
1970,108,6,2,152.72,,,,
1971,108,7,2,163.16,,,,
1972,108,8,2,168.23,,,,
1973,108,9,2,168.78,,,,
1974,108,10,2,170.23,,,,
1975,108,11,2,199.69,,,,
1976,108,12,2,203.88,,,,
1977,108,13,2,221.99,,,,
1978,108,14,2,223.78,,,,
1979,108,15,2,224.94,,,,
1980,108,16,2,247.68,,,,
1981,108,17,2,249.98,,,,
1982,108,18,2,250.20,,,,
1983,108,19,2,250.44,,,,
1984,108,20,2,250.70,,,,
1985,108,21,2,275.31,,,,
1986,108,22,2,285.79,,,,
1987,108,23,2,293.90,,,,
1988,108,24,2,299.81,,,,
1989,108,25,2,300.58,,,,
1990,108,26,2,315.54,,,,
1991,108,27,2,329.67,,,,
1992,108,28,2,337.86,,,,
1993,108,29,2,339.63,,,,
1994,108,30,2,339.69,,,,
1995,108,31,2,352.86,,,,
1996,108,32,2,356.75,,,,
1997,108,33,2,372.31,,,,
1998,108,34,2,374.55,,,,
1999,108,35,2,378.05,,,,
2000,108,36,2,386.07,,,,
2001,108,37,2,399.18,,,,
2002,108,38,2,400.50,,,,
2003,108,39,2,407.62,,,,
2004,108,40,2,408.51,,,,
2005,108,41,2,426.23,,,,
2006,108,42,2,434.24,,,,
2007,108,43,2,458.37,,,,
2008,108,44,2,460.96,,,,
2009,108,45,2,461.69,,,,
2010,108,46,2,479.79,,,,
2011,108,47,2,482.33,,,,
2012,108,48,2,482.96,,,,
2013,108,49,2,483.22,,,,
2014,108,50,2,484.62,,,,
2015,108,51,2,507.42,,,,
2016,108,52,2,535.39,,,,
2017,108,53,2,546.43,,,,
2018,108,54,2,547.54,,,,
2019,108,55,2,548.01,,,,
2020,108,56,2,548.46,,,,
2021,108,57,2,548.91,,,,
2022,108,58,2,550.39,,,,
2023,108,59,2,579.58,,,,
2024,108,60,2,582.50,,,,
2025,108,61,2,600.71,,,,
2026,108,62,2,615.17,,,,
2027,108,63,2,617.97,,,,
2028,108,64,2,640.84,,,,
2029,108,65,2,648.05,,,,
2030,108,66,2,649.39,,,,
2031,108,67,2,649.84,,,,
2032,108,68,2,653.61,,,,
2033,108,69,2,666.09,,,,
2034,108,70,2,667.35,,,,
2035,108,71,2,669.77,,,,
2036,108,72,2,718.05,,,,
2037,108,73,2,722.89,,,,
2038,108,74,2,723.42,,,,
2039,108,75,2,724.33,,,,
2040,108,76,2,725.25,,,,
2041,108,77,2,726.16,,,,
2042,108,78,2,727.07,,,,
2043,108,79,2,737.05,,,,
2044,108,80,2,740.12,,,,
2045,108,81,2,759.64,,,,
2046,108,82,2,761.58,,,,
2047,108,83,2,762.57,,,,
2048,108,84,2,778.56,,,,
2049,108,85,2,780.32,,,,
2050,108,86,2,781.31,,,,
2051,108,87,2,782.53,,,,
2052,108,88,2,786.48,,,,
2053,108,89,2,865.50,,,,
2054,108,90,2,881.90,,,,
2055,108,91,2,883.53,,,,
2056,108,92,2,884.60,,,,
2057,108,93,2,885.65,,,,
2058,108,94,2,886.72,,,,
2059,108,95,2,887.78,,,,
2060,108,96,2,888.71,,,,
2061,108,97,2,889.90,,,,
2062,108,98,2,892.03,,,,
2063,108,99,2,934.44,,,,
2064,108,100,2,1032.00,,,,
2065,108,101,2,1042.32,,,,
2066,108,102,2,1052.64,,,,
2067,108,103,2,1062.96,,,,
2068,108,104,2,1073.28,,,,
2069,108,105,2,1083.60,,,,
2070,108,106,2,1093.92,,,,
2071,108,107,2,1104.24,,,,
2072,108,108,2,1114.56,,,,
2073,108,109,2,1124.88,,,,
2074,108,110,2,1135.20,,,,
2075,108,111,2,1145.52,,,,
2076,108,112,2,1155.84,,,,
2077,108,113,2,1166.16,,,,
2078,108,114,2,1176.48,,,,
2079,108,115,2,1186.80,,,,
2080,108,116,2,1197.12,,,,
2081,108,117,2,1207.44,,,,
2082,108,118,2,1217.76,,,,
2083,108,119,2,1228.08,,,,
2084,108,120,2,1238.40,,,,
2085,108,121,2,1248.72,,,,
2086,108,122,2,1259.04,,,,
2087,108,123,2,1269.36,,,,
2088,108,124,2,1279.68,,,,
2089,108,125,2,1290.00,,,,
2090,108,126,2,1300.32,,,,
2091,108,127,2,1310.64,,,,
2092,108,128,2,1320.96,,,,
2093,108,129,2,1331.28,,,,
2094,108,130,2,1341.60,,,,
2095,108,131,2,1351.92,,,,
2096,108,132,2,1362.24,,,,
2097,108,133,2,1372.56,,,,
2098,108,134,2,1382.88,,,,
2099,108,135,2,1393.20,,,,
2100,108,136,2,1403.52,,,,
2101,108,137,2,1413.84,,,,
2102,108,138,2,1424.16,,,,
2103,108,139,2,1434.48,,,,
2104,108,140,2,1444.80,,,,
2105,108,141,2,1455.12,,,,
2106,108,142,2,1465.44,,,,
2107,108,143,2,1475.76,,,,
2108,108,144,2,1486.08,,,,
2109,108,145,2,1496.40,,,,
2110,108,146,2,1506.72,,,,
2111,108,147,2,1517.04,,,,
2112,108,148,2,1527.36,,,,
2113,108,149,2,1537.68,,,,
2114,108,150,2,1548.00,,,,
2115,124,0,1,100.08,,,,
2116,124,1,1,136.72,,,,
2117,124,2,1,147.14,,,,
2118,124,3,1,156.22,,,,
2119,124,4,1,172.94,,,,
2120,124,5,1,184.69,,,,
2121,124,6,1,195.89,,,,
2122,124,7,1,206.86,,,,
2123,124,8,1,217.56,,,,
2124,124,9,1,229.70,,,,
2125,124,10,1,241.38,,,,
2126,124,11,1,255.06,,,,
2127,124,12,1,266.03,,,,
2128,124,13,1,277.81,,,,
2129,124,14,1,279.00,,,,
2130,124,15,1,296.89,,,,
2131,124,16,1,307.47,,,,
2132,124,17,1,313.63,,,,
2133,124,18,1,320.63,,,,
2134,124,19,1,330.30,,,,
2135,124,20,1,336.20,,,,
2136,124,21,1,343.25,,,,
2137,124,22,1,350.28,,,,
2138,124,23,1,358.98,,,,
2139,124,24,1,365.19,,,,
2140,124,25,1,375.75,,,,
2141,124,26,1,380.99,,,,
2142,124,27,1,388.29,,,,
2143,124,28,1,394.98,,,,
2144,124,29,1,400.79,,,,
2145,124,30,1,407.52,,,,
2146,124,31,1,414.31,,,,
2147,124,32,1,421.61,,,,
2148,124,33,1,430.44,,,,
2149,124,34,1,435.99,,,,
2150,124,35,1,436.91,,,,
2151,124,36,1,454.98,,,,
2152,124,37,1,464.10,,,,
2153,124,38,1,472.12,,,,
2154,124,39,1,480.78,,,,
2155,124,40,1,489.82,,,,
2156,124,41,1,498.88,,,,
2157,124,42,1,508.38,,,,
2158,124,43,1,518.04,,,,
2159,124,44,1,528.61,,,,
2160,124,45,1,536.49,,,,
2161,124,46,1,545.31,,,,
2162,124,47,1,553.62,,,,
2163,124,48,1,563.42,,,,
2164,124,49,1,566.41,,,,
2165,124,50,1,572.75,,,,
2166,124,51,1,594.56,,,,
2167,124,52,1,624.33,,,,
2168,124,53,1,627.31,,,,
2169,124,54,1,643.37,,,,
2170,124,55,1,649.56,,,,
2171,124,56,1,652.14,,,,
2172,124,57,1,658.26,,,,
2173,124,58,1,680.72,,,,
2174,124,59,1,682.96,,,,
2175,124,60,1,698.48,,,,
2176,124,61,1,710.00,,,,
2177,124,62,1,711.18,,,,
2178,124,63,1,712.10,,,,
2179,124,64,1,730.32,,,,
2180,124,65,1,732.14,,,,
2181,124,66,1,733.24,,,,
2182,124,67,1,754.76,,,,
2183,124,68,1,756.92,,,,
2184,124,69,1,758.49,,,,
2185,124,70,1,782.36,,,,
2186,124,71,1,800.14,,,,
2187,124,72,1,807.54,,,,
2188,124,73,1,809.12,,,,
2189,124,74,1,840.62,,,,
2190,124,75,1,843.77,,,,
2191,124,76,1,851.89,,,,
2192,124,77,1,856.73,,,,
2193,124,78,1,864.12,,,,
2194,124,79,1,907.14,,,,
2195,124,80,1,911.94,,,,
2196,124,81,1,913.08,,,,
2197,124,82,1,914.09,,,,
2198,124,83,1,915.09,,,,
2199,124,84,1,916.00,,,,
2200,124,85,1,925.92,,,,
2201,124,86,1,927.27,,,,
2202,124,87,1,954.05,,,,
2203,124,88,1,972.95,,,,
2204,124,89,1,974.84,,,,
2205,124,90,1,976.86,,,,
2206,124,91,1,977.76,,,,
2207,124,92,1,978.66,,,,
2208,124,93,1,979.56,,,,
2209,124,94,1,980.47,,,,
2210,124,95,1,981.38,,,,
2211,124,96,1,982.27,,,,
2212,124,97,1,984.19,,,,
2213,124,98,1,1022.52,,,,
2214,124,99,1,1060.66,,,,
2215,124,100,1,1173.45,,,,
2216,124,101,1,1184.90,,,,
2217,124,102,1,1196.33,,,,
2218,124,103,1,1207.77,,,,
2219,124,104,1,1219.20,,,,
2220,124,105,1,1230.64,,,,
2221,124,106,1,1242.08,,,,
2222,124,107,1,1253.50,,,,
2223,124,108,1,1264.94,,,,
2224,124,109,1,1276.38,,,,
2225,124,110,1,1287.81,,,,
2226,124,111,1,1299.25,,,,
2227,124,112,1,1310.68,,,,
2228,124,113,1,1320.21,,,,
2229,124,114,1,1331.64,,,,
2230,124,115,1,1344.98,,,,
2231,124,116,1,1356.42,,,,
2232,124,117,1,1367.85,,,,
2233,124,118,1,1379.29,,,,
2234,124,119,1,1388.71,,,,
2235,124,120,1,1402.15,,,,
2236,124,121,1,1413.58,,,,
2237,124,122,1,1425.02,,,,
2238,124,123,1,1436.46,,,,
2239,124,124,1,1445.81,,,,
2240,124,125,1,1457.23,,,,
2241,124,126,1,1468.64,,,,
2242,124,127,1,1480.06,,,,
2243,124,128,1,1491.47,,,,
2244,124,129,1,1502.87,,,,
2245,124,130,1,1514.30,,,,
2246,124,131,1,1525.71,,,,
2247,124,132,1,1537.12,,,,
2248,124,133,1,1548.57,,,,
2249,124,134,1,1559.99,,,,
2250,124,135,1,1571.39,,,,
2251,124,136,1,1582.83,,,,
2252,124,137,1,1594.24,,,,
2253,124,138,1,1605.66,,,,
2254,124,139,1,1617.06,,,,
2255,124,140,1,1628.48,,,,
2256,124,141,1,1639.91,,,,
2257,124,142,1,1651.33,,,,
2258,124,143,1,1662.74,,,,
2259,124,144,1,1674.16,,,,
2260,124,145,1,1685.58,,,,
2261,124,146,1,1696.99,,,,
2262,124,147,1,1708.42,,,,
2263,124,148,1,1719.82,,,,
2264,124,149,1,1731.25,,,,
2265,124,150,1,1742.67,,,,
2266,124,0,2,70.08,,,,
2267,124,1,2,106.72,,,,
2268,124,2,2,117.14,,,,
2269,124,3,2,126.22,,,,
2270,124,4,2,142.94,,,,
2271,124,5,2,154.69,,,,
2272,124,6,2,165.89,,,,
2273,124,7,2,176.86,,,,
2274,124,8,2,187.56,,,,
2275,124,9,2,199.70,,,,
2276,124,10,2,211.38,,,,
2277,124,11,2,225.06,,,,
2278,124,12,2,236.03,,,,
2279,124,13,2,247.81,,,,
2280,124,14,2,249.00,,,,
2281,124,15,2,266.89,,,,
2282,124,16,2,277.47,,,,
2283,124,17,2,283.63,,,,
2284,124,18,2,290.63,,,,
2285,124,19,2,300.30,,,,
2286,124,20,2,306.20,,,,
2287,124,21,2,313.25,,,,
2288,124,22,2,320.28,,,,
2289,124,23,2,328.98,,,,
2290,124,24,2,335.19,,,,
2291,124,25,2,345.75,,,,
2292,124,26,2,350.99,,,,
2293,124,27,2,358.29,,,,
2294,124,28,2,364.98,,,,
2295,124,29,2,370.79,,,,
2296,124,30,2,377.52,,,,
2297,124,31,2,384.31,,,,
2298,124,32,2,391.61,,,,
2299,124,33,2,400.44,,,,
2300,124,34,2,405.99,,,,
2301,124,35,2,406.91,,,,
2302,124,36,2,424.98,,,,
2303,124,37,2,434.10,,,,
2304,124,38,2,442.12,,,,
2305,124,39,2,450.78,,,,
2306,124,40,2,459.82,,,,
2307,124,41,2,468.88,,,,
2308,124,42,2,478.38,,,,
2309,124,43,2,488.04,,,,
2310,124,44,2,498.61,,,,
2311,124,45,2,506.49,,,,
2312,124,46,2,515.31,,,,
2313,124,47,2,523.62,,,,
2314,124,48,2,533.42,,,,
2315,124,49,2,536.41,,,,
2316,124,50,2,542.75,,,,
2317,124,51,2,564.56,,,,
2318,124,52,2,594.33,,,,
2319,124,53,2,597.31,,,,
2320,124,54,2,613.37,,,,
2321,124,55,2,619.56,,,,
2322,124,56,2,622.14,,,,
2323,124,57,2,628.26,,,,
2324,124,58,2,650.72,,,,
2325,124,59,2,652.96,,,,
2326,124,60,2,668.48,,,,
2327,124,61,2,680.00,,,,
2328,124,62,2,681.18,,,,
2329,124,63,2,682.10,,,,
2330,124,64,2,700.32,,,,
2331,124,65,2,702.14,,,,
2332,124,66,2,703.24,,,,
2333,124,67,2,724.76,,,,
2334,124,68,2,726.92,,,,
2335,124,69,2,728.49,,,,
2336,124,70,2,752.36,,,,
2337,124,71,2,770.14,,,,
2338,124,72,2,777.54,,,,
2339,124,73,2,779.12,,,,
2340,124,74,2,810.62,,,,
2341,124,75,2,813.77,,,,
2342,124,76,2,821.89,,,,
2343,124,77,2,826.73,,,,
2344,124,78,2,834.12,,,,
2345,124,79,2,877.14,,,,
2346,124,80,2,881.94,,,,
2347,124,81,2,883.08,,,,
2348,124,82,2,884.09,,,,
2349,124,83,2,885.09,,,,
2350,124,84,2,886.00,,,,
2351,124,85,2,895.92,,,,
2352,124,86,2,897.27,,,,
2353,124,87,2,924.05,,,,
2354,124,88,2,942.95,,,,
2355,124,89,2,944.84,,,,
2356,124,90,2,946.86,,,,
2357,124,91,2,947.76,,,,
2358,124,92,2,948.66,,,,
2359,124,93,2,949.56,,,,
2360,124,94,2,950.47,,,,
2361,124,95,2,951.38,,,,
2362,124,96,2,952.27,,,,
2363,124,97,2,954.19,,,,
2364,124,98,2,992.52,,,,
2365,124,99,2,1030.66,,,,
2366,124,100,2,1143.45,,,,
2367,124,101,2,1154.90,,,,
2368,124,102,2,1166.33,,,,
2369,124,103,2,1177.77,,,,
2370,124,104,2,1189.20,,,,
2371,124,105,2,1200.64,,,,
2372,124,106,2,1212.08,,,,
2373,124,107,2,1223.50,,,,
2374,124,108,2,1234.94,,,,
2375,124,109,2,1246.38,,,,
2376,124,110,2,1257.81,,,,
2377,124,111,2,1269.25,,,,
2378,124,112,2,1280.68,,,,
2379,124,113,2,1290.21,,,,
2380,124,114,2,1301.64,,,,
2381,124,115,2,1314.98,,,,
2382,124,116,2,1326.42,,,,
2383,124,117,2,1337.85,,,,
2384,124,118,2,1349.29,,,,
2385,124,119,2,1358.71,,,,
2386,124,120,2,1372.15,,,,
2387,124,121,2,1383.58,,,,
2388,124,122,2,1395.02,,,,
2389,124,123,2,1406.46,,,,
2390,124,124,2,1415.81,,,,
2391,124,125,2,1427.23,,,,
2392,124,126,2,1438.64,,,,
2393,124,127,2,1450.06,,,,
2394,124,128,2,1461.47,,,,
2395,124,129,2,1472.87,,,,
2396,124,130,2,1484.30,,,,
2397,124,131,2,1495.71,,,,
2398,124,132,2,1507.12,,,,
2399,124,133,2,1518.57,,,,
2400,124,134,2,1529.99,,,,
2401,124,135,2,1541.39,,,,
2402,124,136,2,1552.83,,,,
2403,124,137,2,1564.24,,,,
2404,124,138,2,1575.66,,,,
2405,124,139,2,1587.06,,,,
2406,124,140,2,1598.48,,,,
2407,124,141,2,1609.91,,,,
2408,124,142,2,1621.33,,,,
2409,124,143,2,1632.74,,,,
2410,124,144,2,1644.16,,,,
2411,124,145,2,1655.58,,,,
2412,124,146,2,1666.99,,,,
2413,124,147,2,1678.42,,,,
2414,124,148,2,1689.82,,,,
2415,124,149,2,1701.25,,,,
2416,124,150,2,1712.67,,,,
2417,125,0,2,51.27,,,,
2418,125,1,2,82.78,,,,
2419,125,2,2,90.37,,,,
2420,125,3,2,100.72,,,,
2421,125,4,2,110.01,,,,
2422,125,5,2,119.16,,,,
2423,125,6,2,127.73,,,,
2424,125,7,2,136.88,,,,
2425,125,8,2,144.35,,,,
2426,125,9,2,153.59,,,,
2427,125,10,2,163.49,,,,
2428,125,11,2,172.68,,,,
2429,125,12,2,181.12,,,,
2430,125,13,2,189.18,,,,
2431,125,14,2,197.78,,,,
2432,125,15,2,204.74,,,,
2433,125,16,2,212.78,,,,
2434,125,17,2,217.47,,,,
2435,125,18,2,223.03,,,,
2436,125,19,2,230.46,,,,
2437,125,20,2,234.99,,,,
2438,125,21,2,240.35,,,,
2439,125,22,2,245.74,,,,
2440,125,23,2,252.43,,,,
2441,125,24,2,257.22,,,,
2442,125,25,2,265.30,,,,
2443,125,26,2,269.29,,,,
2444,125,27,2,274.99,,,,
2445,125,28,2,280.14,,,,
2446,125,29,2,284.48,,,,
2447,125,30,2,289.58,,,,
2448,125,31,2,294.84,,,,
2449,125,32,2,300.34,,,,
2450,125,33,2,307.22,,,,
2451,125,34,2,313.42,,,,
2452,125,35,2,319.84,,,,
2453,125,36,2,326.04,,,,
2454,125,37,2,333.12,,,,
2455,125,38,2,339.23,,,,
2456,125,39,2,345.85,,,,
2457,125,40,2,352.81,,,,
2458,125,41,2,359.73,,,,
2459,125,42,2,367.06,,,,
2460,125,43,2,374.53,,,,
2461,125,44,2,382.60,,,,
2462,125,45,2,388.73,,,,
2463,125,46,2,395.43,,,,
2464,125,47,2,401.64,,,,
2465,125,48,2,409.12,,,,
2466,125,49,2,416.50,,,,
2467,125,50,2,416.60,,,,
2468,125,51,2,432.30,,,,
2469,125,52,2,441.04,,,,
2470,125,53,2,448.46,,,,
2471,125,54,2,456.85,,,,
2472,125,55,2,463.96,,,,
2473,125,56,2,471.33,,,,
2474,125,57,2,479.12,,,,
2475,125,58,2,487.54,,,,
2476,125,59,2,489.61,,,,
2477,125,60,2,502.14,,,,
2478,125,61,2,513.25,,,,
2479,125,62,2,521.30,,,,
2480,125,63,2,529.76,,,,
2481,125,64,2,538.25,,,,
2482,125,65,2,538.45,,,,
2483,125,66,2,548.00,,,,
2484,125,67,2,564.86,,,,
2485,125,68,2,566.33,,,,
2486,125,69,2,583.90,,,,
2487,125,70,2,591.68,,,,
2488,125,71,2,602.54,,,,
2489,125,72,2,602.69,,,,
2490,125,73,2,612.95,,,,
2491,125,74,2,613.25,,,,
2492,125,75,2,613.35,,,,
2493,125,76,2,638.69,,,,
2494,125,77,2,653.13,,,,
2495,125,78,2,661.68,,,,
2496,125,79,2,663.69,,,,
2497,125,80,2,678.79,,,,
2498,125,81,2,678.94,,,,
2499,125,82,2,690.31,,,,
2500,125,83,2,690.51,,,,
2501,125,84,2,697.26,,,,
2502,125,85,2,697.47,,,,
2503,125,86,2,697.62,,,,
2504,125,87,2,729.40,,,,
2505,125,88,2,729.50,,,,
2506,125,89,2,752.77,,,,
2507,125,90,2,752.92,,,,
2508,125,91,2,772.22,,,,
2509,125,92,2,780.60,,,,
2510,125,93,2,780.95,,,,
2511,125,94,2,781.00,,,,
2512,125,95,2,783.62,,,,
2513,125,96,2,786.45,,,,
2514,125,97,2,804.79,,,,
2515,125,98,2,804.89,,,,
2516,125,99,2,815.89,,,,
2517,125,100,2,882.74,,,,
2518,125,101,2,891.58,,,,
2519,125,102,2,900.42,,,,
2520,125,103,2,909.25,,,,
2521,125,104,2,918.07,,,,
2522,125,105,2,926.90,,,,
2523,125,106,2,935.74,,,,
2524,125,107,2,944.55,,,,
2525,125,108,2,953.38,,,,
2526,125,109,2,962.20,,,,
2527,125,110,2,971.04,,,,
2528,125,111,2,979.87,,,,
2529,125,112,2,988.69,,,,
2530,125,113,2,997.51,,,,
2531,125,114,2,1006.36,,,,
2532,125,115,2,1015.16,,,,
2533,125,116,2,1024.00,,,,
2534,125,117,2,1032.82,,,,
2535,125,118,2,1041.65,,,,
2536,125,119,2,1050.49,,,,
2537,125,120,2,1059.30,,,,
2538,125,121,2,1068.13,,,,
2539,125,122,2,1076.97,,,,
2540,125,123,2,1085.79,,,,
2541,125,124,2,1094.62,,,,
2542,125,125,2,1103.46,,,,
2543,125,126,2,1112.27,,,,
2544,125,127,2,1121.09,,,,
2545,125,128,2,1129.94,,,,
2546,125,129,2,1138.74,,,,
2547,125,130,2,1147.59,,,,
2548,125,131,2,1156.40,,,,
2549,125,132,2,1165.23,,,,
2550,125,133,2,1174.07,,,,
2551,125,134,2,1182.88,,,,
2552,125,135,2,1191.71,,,,
2553,125,136,2,1200.55,,,,
2554,125,137,2,1209.37,,,,
2555,125,138,2,1218.21,,,,
2556,125,139,2,1227.03,,,,
2557,125,140,2,1235.85,,,,
2558,125,141,2,1244.70,,,,
2559,125,142,2,1253.52,,,,
2560,125,143,2,1262.32,,,,
2561,125,144,2,1271.17,,,,
2562,125,145,2,1279.98,,,,
2563,125,146,2,1288.83,,,,
2564,125,147,2,1297.66,,,,
2565,125,148,2,1306.47,,,,
2566,125,149,2,1315.31,,,,
2567,125,150,2,1324.14,,,,
2568,126,0,2,76.42,,,,
2569,126,1,2,106.79,,,,
2570,126,2,2,117.25,,,,
2571,126,3,2,144.76,,,,
2572,126,4,2,162.56,,,,
2573,126,5,2,174.20,,,,
2574,126,6,2,186.42,,,,
2575,126,7,2,198.64,,,,
2576,126,8,2,207.96,,,,
2577,126,9,2,219.34,,,,
2578,126,10,2,220.81,,,,
2579,126,11,2,249.83,,,,
2580,126,12,2,255.29,,,,
2581,126,13,2,262.23,,,,
2582,126,14,2,262.93,,,,
2583,126,15,2,275.86,,,,
2584,126,16,2,287.54,,,,
2585,126,17,2,295.46,,,,
2586,126,18,2,306.87,,,,
2587,126,19,2,314.88,,,,
2588,126,20,2,334.89,,,,
2589,126,21,2,343.73,,,,
2590,126,22,2,351.34,,,,
2591,126,23,2,357.06,,,,
2592,126,24,2,363.65,,,,
2593,126,25,2,365.78,,,,
2594,126,26,2,377.03,,,,
2595,126,27,2,383.17,,,,
2596,126,28,2,391.09,,,,
2597,126,29,2,399.68,,,,
2598,126,30,2,401.18,,,,
2599,126,31,2,413.91,,,,
2600,126,32,2,422.52,,,,
2601,126,33,2,431.34,,,,
2602,126,34,2,439.30,,,,
2603,126,35,2,447.72,,,,
2604,126,36,2,457.40,,,,
2605,126,37,2,464.59,,,,
2606,126,38,2,471.72,,,,
2607,126,39,2,472.46,,,,
2608,126,40,2,473.74,,,,
2609,126,41,2,499.16,,,,
2610,126,42,2,501.70,,,,
2611,126,43,2,502.82,,,,
2612,126,44,2,525.11,,,,
2613,126,45,2,527.72,,,,
2614,126,46,2,542.44,,,,
2615,126,47,2,543.91,,,,
2616,126,48,2,544.34,,,,
2617,126,49,2,547.16,,,,
2618,126,50,2,553.61,,,,
2619,126,51,2,587.54,,,,
2620,126,52,2,606.21,,,,
2621,126,53,2,609.28,,,,
2622,126,54,2,625.64,,,,
2623,126,55,2,631.95,,,,
2624,126,56,2,634.59,,,,
2625,126,57,2,640.83,,,,
2626,126,58,2,663.74,,,,
2627,126,59,2,666.04,,,,
2628,126,60,2,681.86,,,,
2629,126,61,2,693.61,,,,
2630,126,62,2,694.80,,,,
2631,126,63,2,695.74,,,,
2632,126,64,2,714.31,,,,
2633,126,65,2,716.19,,,,
2634,126,66,2,744.01,,,,
2635,126,67,2,746.81,,,,
2636,126,68,2,747.26,,,,
2637,126,69,2,751.99,,,,
2638,126,70,2,768.24,,,,
2639,126,71,2,785.76,,,,
2640,126,72,2,793.10,,,,
2641,126,73,2,794.73,,,,
2642,126,74,2,826.82,,,,
2643,126,75,2,830.05,,,,
2644,126,76,2,838.33,,,,
2645,126,77,2,859.67,,,,
2646,126,78,2,895.13,,,,
2647,126,79,2,898.68,,,,
2648,126,80,2,899.58,,,,
2649,126,81,2,900.75,,,,
2650,126,82,2,901.78,,,,
2651,126,83,2,902.81,,,,
2652,126,84,2,904.23,,,,
2653,126,85,2,932.30,,,,
2654,126,86,2,939.12,,,,
2655,126,87,2,942.55,,,,
2656,126,88,2,961.80,,,,
2657,126,89,2,963.76,,,,
2658,126,90,2,965.81,,,,
2659,126,91,2,966.73,,,,
2660,126,92,2,974.49,,,,
2661,126,93,2,977.69,,,,
2662,126,94,2,978.11,,,,
2663,126,95,2,978.84,,,,
2664,126,96,2,1030.04,,,,
2665,126,97,2,1035.28,,,,
2666,126,98,2,1036.40,,,,
2667,126,99,2,1051.29,,,,
2668,126,100,2,1167.21,,,,
2669,126,101,2,1178.90,,,,
2670,126,102,2,1190.57,,,,
2671,126,103,2,1202.24,,,,
2672,126,104,2,1213.91,,,,
2673,126,105,2,1225.59,,,,
2674,126,106,2,1237.26,,,,
2675,126,107,2,1248.93,,,,
2676,126,108,2,1260.61,,,,
2677,126,109,2,1272.27,,,,
2678,126,110,2,1283.95,,,,
2679,126,111,2,1295.63,,,,
2680,126,112,2,1307.29,,,,
2681,126,113,2,1318.96,,,,
2682,126,114,2,1330.63,,,,
2683,126,115,2,1342.31,,,,
2684,126,116,2,1353.98,,,,
2685,126,117,2,1365.65,,,,
2686,126,118,2,1377.32,,,,
2687,126,119,2,1389.00,,,,
2688,126,120,2,1400.67,,,,
2689,126,121,2,1412.34,,,,
2690,126,122,2,1424.02,,,,
2691,126,123,2,1435.68,,,,
2692,126,124,2,1447.35,,,,
2693,126,125,2,1459.03,,,,
2694,126,126,2,1470.70,,,,
2695,126,127,2,1482.38,,,,
2696,126,128,2,1494.04,,,,
2697,126,129,2,1505.71,,,,
2698,126,130,2,1517.40,,,,
2699,126,131,2,1529.06,,,,
2700,126,132,2,1540.73,,,,
2701,126,133,2,1552.41,,,,
2702,126,134,2,1564.07,,,,
2703,126,135,2,1575.75,,,,
2704,126,136,2,1587.43,,,,
2705,126,137,2,1599.09,,,,
2706,126,138,2,1610.77,,,,
2707,126,139,2,1622.43,,,,
2708,126,140,2,1634.11,,,,
2709,126,141,2,1645.79,,,,
2710,126,142,2,1657.45,,,,
2711,126,143,2,1669.12,,,,
2712,126,144,2,1680.80,,,,
2713,126,145,2,1692.47,,,,
2714,126,146,2,1704.15,,,,
2715,126,147,2,1715.82,,,,
2716,126,148,2,1727.48,,,,
2717,126,149,2,1739.16,,,,
2718,126,150,2,1750.83,,,,
